date,1. open,2. high,3. low,4. close,5. volume
2021-03-22,14.36,14.4399,13.61,14.08,1306480.0
2021-03-19,14.3,14.605,13.8501,14.36,6020193.0
2021-03-18,15.15,15.2,14.08,14.16,1428201.0
2021-03-17,14.95,15.14,14.8,15.03,1117416.0
2021-03-16,15.4,15.41,14.8,14.9,728445.0
2021-03-15,14.92,15.48,14.9,15.38,756317.0
2021-03-12,14.13,15.13,14.09,14.94,1161340.0
2021-03-11,14.36,14.57,14.12,14.3,738481.0
2021-03-10,13.88,14.49,13.86,14.32,866165.0
2021-03-09,14.14,14.14,13.85,13.87,478127.0
2021-03-08,13.69,14.24,13.69,14.04,624243.0
2021-03-05,13.45,13.72,12.8,13.69,742794.0
2021-03-04,13.76,13.95,13.075,13.31,681811.0
2021-03-03,13.81,14.25,13.74,13.86,616985.0
2021-03-02,13.32,13.97,13.26,13.81,666723.0
2021-03-01,13.43,13.64,13.16,13.36,660552.0
2021-02-26,13.0,13.34,12.74,13.12,376753.0
2021-02-25,13.56,13.69,12.94,12.98,415556.0
2021-02-24,13.21,13.66,13.1,13.5,454161.0
2021-02-23,13.31,13.32,12.86,13.1,380289.0
2021-02-22,12.85,13.42,12.85,13.28,376250.0
2021-02-19,12.65,13.125,12.65,12.98,301071.0
2021-02-18,12.76,12.82,12.42,12.57,327344.0
2021-02-17,13.09,13.12,12.71,12.85,361995.0
2021-02-16,12.94,13.33,12.885,13.19,403593.0
2021-02-12,12.75,12.97,12.75,12.82,214667.0
2021-02-11,12.8,13.03,12.66,12.79,426366.0
2021-02-10,12.65,12.93,12.63,12.69,451953.0
2021-02-09,12.77,12.77,12.58,12.62,281214.0
2021-02-08,12.68,12.89,12.62,12.77,495896.0
2021-02-05,12.63,12.81,12.43,12.6,651144.0
2021-02-04,12.05,12.71,11.9926,12.52,1009655.0
2021-02-03,12.18,12.36,11.94,12.02,769477.0
2021-02-02,11.97,12.12,11.6622,11.97,747249.0
2021-02-01,11.6,11.87,11.41,11.87,578248.0
2021-01-29,11.99,11.99,11.28,11.38,775631.0
2021-01-28,11.87,11.98,11.53,11.92,499390.0
2021-01-27,12.1,12.2,11.77,11.79,439166.0
2021-01-26,12.4,12.4,12.05,12.08,308551.0
2021-01-25,12.38,12.53,11.82,12.29,351413.0
2021-01-22,12.23,12.38,12.03,12.38,262654.0
2021-01-21,12.3,12.5,12.18,12.33,416907.0
2021-01-20,12.2,12.29,11.9,12.18,577908.0
2021-01-19,11.7,11.79,11.52,11.78,432134.0
2021-01-15,11.72,11.76,11.61,11.64,296843.0
2021-01-14,11.8,11.85,11.688,11.81,356118.0
2021-01-13,11.83,11.91,11.73,11.76,238615.0
2021-01-12,11.76,11.88,11.72,11.83,332875.0
2021-01-11,12.04,12.13,11.755,11.78,213249.0
2021-01-08,12.12,12.12,11.79,12.04,395498.0
2021-01-07,12.09,12.21,11.95,12.14,245613.0
2021-01-06,11.82,12.38,11.75,12.13,482207.0
2021-01-05,11.79,12.0,11.69,11.72,423592.0
2021-01-04,12.5,12.56,11.8,11.95,463118.0
2020-12-31,12.37,12.5,12.01,12.45,372361.0
2020-12-30,12.56,12.69,12.25,12.33,286434.0
2020-12-29,13.06,13.0996,12.58,12.8,471060.0
2020-12-28,12.82,13.15,12.8,12.95,416371.0
2020-12-24,12.77,12.88,12.51,12.76,175006.0
2020-12-23,12.57,12.99,12.48,12.75,468294.0
2020-12-22,12.36,12.5498,12.24,12.44,464552.0
2020-12-21,12.45,12.484,12.18,12.37,398753.0
2020-12-18,12.62,12.93,12.44,12.54,835935.0
2020-12-17,12.38,12.58,12.15,12.51,376504.0
2020-12-16,12.4,12.49,12.18,12.39,519203.0
2020-12-15,12.27,12.45,12.07,12.39,646264.0
2020-12-14,11.73,12.04,11.62,11.89,522368.0
2020-12-11,11.8,11.9,11.51,11.6,361089.0
2020-12-10,11.93,11.98,11.62,11.82,464163.0
2020-12-09,12.35,12.4,11.83,11.98,694905.0
2020-12-08,12.33,12.33,12.0515,12.27,822629.0
2020-12-07,13.3,13.48,11.7701,12.35,1538692.0
2020-12-04,13.57,13.94,13.5,13.81,199505.0
2020-12-03,13.29,13.7,13.2,13.43,276344.0
2020-12-02,13.31,13.47,13.17,13.35,193303.0
2020-12-01,13.15,13.66,13.05,13.3,253808.0
2020-11-30,13.58,13.61,12.73,12.94,584674.0
2020-11-27,13.67,13.78,13.41,13.63,101565.0
2020-11-25,13.68,13.7,13.25,13.55,213169.0
2020-11-24,14.29,14.426,13.64,13.68,457125.0
2020-11-23,13.6,13.9402,13.4,13.85,337182.0
2020-11-20,13.22,13.59,13.22,13.47,193596.0
2020-11-19,13.32,13.5499,12.9,13.26,186495.0
2020-11-18,13.56,13.93,13.3,13.32,357018.0
2020-11-17,13.25,13.7,13.21,13.51,296673.0
2020-11-16,12.96,13.53,12.96,13.42,433072.0
2020-11-13,12.35,12.68,12.27,12.61,203289.0
2020-11-12,12.29,12.41,11.9,12.06,215992.0
2020-11-11,12.89,12.89,12.23,12.44,213095.0
2020-11-10,11.88,12.85,11.7,12.77,468430.0
2020-11-09,11.82,12.54,11.66,11.67,531200.0
2020-11-06,11.9,11.9,11.17,11.32,282197.0
2020-11-05,12.85,12.85,11.66,11.75,777422.0
2020-11-04,12.05,12.35,11.78,12.22,433807.0
2020-11-03,11.91,12.3601,11.82,12.24,286501.0
2020-11-02,11.36,11.88,11.36,11.7,301465.0
2020-10-30,11.5,11.69,11.11,11.24,332733.0
2020-10-29,11.1,11.51,10.63,11.42,262353.0
2020-10-28,11.49,11.615,11.01,11.1,322358.0
2020-10-27,11.6,11.91,11.56,11.7,204042.0
2020-10-26,11.78,11.99,11.525,11.62,199199.0
2020-10-23,11.68,11.97,11.59,11.96,237614.0
2020-10-22,11.42,11.72,11.37,11.67,179278.0
2020-10-21,11.6,11.6,11.2201,11.35,243990.0
2020-10-20,11.66,11.85,11.51,11.55,206082.0
2020-10-19,11.92,11.93,11.52,11.55,155281.0
2020-10-16,11.9,12.06,11.71,11.83,307294.0
2020-10-15,11.74,11.94,11.6,11.94,220250.0
2020-10-14,11.67,11.93,11.6001,11.73,253377.0
2020-10-13,11.53,11.77,11.47,11.63,286269.0
2020-10-12,11.49,11.63,11.35,11.61,175489.0
2020-10-09,11.86,11.91,11.41,11.53,233479.0
2020-10-08,11.39,11.8,11.28,11.76,212495.0
2020-10-07,11.52,11.5927,11.16,11.33,258230.0
2020-10-06,11.55,11.84,11.29,11.35,461354.0
2020-10-05,11.5,11.6,11.16,11.38,298873.0
2020-10-02,10.68,11.58,10.68,11.52,742913.0
2020-10-01,11.33,11.33,10.73,11.09,454548.0
2020-09-30,11.05,11.49,11.05,11.2,432081.0
2020-09-29,10.76,11.04,10.64,10.94,345647.0
2020-09-28,11.42,11.59,11.02,11.09,554272.0
2020-09-25,11.02,11.41,10.8,11.12,992964.0
2020-09-24,10.96,10.96,10.38,10.48,414918.0
2020-09-23,11.51,11.67,10.96,10.98,540336.0
2020-09-22,11.47,11.78,11.29,11.46,402358.0
2020-09-21,11.84,12.02,11.13,11.36,445771.0
2020-09-18,12.21,12.59,12.01,12.04,1757950.0
2020-09-17,11.89,12.29,11.73,12.14,358378.0
2020-09-16,12.0,12.11,11.71,11.97,423837.0
2020-09-15,11.25,11.7,11.21,11.63,430760.0
2020-09-14,10.31,11.18,10.3,10.97,377443.0
2020-09-11,10.47,10.47,9.88,10.27,223250.0
2020-09-10,10.85,11.07,10.47,10.48,214052.0
2020-09-09,10.73,11.01,10.66,10.87,238465.0
2020-09-08,10.58,10.9,10.5,10.65,293836.0
2020-09-04,10.7,10.8,10.46,10.56,301815.0
2020-09-03,10.49,10.8,10.43,10.52,308524.0
2020-09-02,10.33,10.49,10.23,10.43,247586.0
2020-09-01,10.11,10.54,10.11,10.34,217627.0
2020-08-31,10.55,10.55,10.06,10.23,333845.0
2020-08-28,10.36,10.58,10.255,10.5,297439.0
2020-08-27,9.8,10.41,9.7966,10.32,331719.0
2020-08-26,9.8,9.98,9.75,9.76,257744.0
2020-08-25,9.91,10.0,9.65,9.87,241814.0
2020-08-24,9.46,10.07,9.39,9.91,324411.0
2020-08-21,9.46,9.56,9.325,9.44,249781.0
2020-08-20,9.35,9.64,9.345,9.57,216172.0
2020-08-19,9.41,9.6,9.326,9.49,250862.0
2020-08-18,9.63,9.73,9.45,9.46,287935.0
2020-08-17,9.85,9.86,9.52,9.65,254581.0
2020-08-14,9.46,10.03,9.45,9.85,332019.0
2020-08-13,9.43,9.8,9.415,9.51,320277.0
2020-08-12,9.86,9.939,9.2501,9.48,425615.0
2020-08-11,9.92,10.2668,9.69,9.75,516550.0
2020-08-10,9.75,9.99,9.38,9.58,557942.0
2020-08-07,8.66,9.945,8.51,9.76,1341305.0
2020-08-06,8.26,8.45,8.19,8.34,239139.0
2020-08-05,8.09,8.41,8.08,8.4,292427.0
2020-08-04,8.16,8.16,7.99,8.05,243540.0
2020-08-03,8.02,8.27,7.85,8.2,311845.0
2020-07-31,8.24,8.38,7.905,8.02,307055.0
2020-07-30,8.0,8.23,7.97,8.15,160239.0
2020-07-29,8.09,8.27,7.95,8.15,261196.0
2020-07-28,7.9,8.19,7.9,8.06,396173.0
2020-07-27,8.12,8.15,7.82,7.96,220827.0
2020-07-24,8.19,8.4191,8.16,8.21,316534.0
2020-07-23,8.24,8.31,8.07,8.19,251243.0
2020-07-22,8.07,8.37,8.06,8.2,191570.0
2020-07-21,8.06,8.2,7.95,8.17,179787.0
2020-07-20,8.06,8.21,7.79,7.92,255258.0
2020-07-17,8.15,8.22,8.01,8.14,232582.0
2020-07-16,8.37,8.4,8.11,8.2,229184.0
2020-07-15,8.27,8.51,8.21,8.43,438695.0
2020-07-14,7.88,8.04,7.74,7.96,198533.0
2020-07-13,8.14,8.21,7.73,7.91,375862.0
2020-07-10,7.8,8.05,7.6,8.02,379592.0
2020-07-09,7.94,7.95,7.58,7.7,313157.0
2020-07-08,7.97,8.17,7.86,8.04,285635.0
2020-07-07,8.31,8.52,7.97,8.05,323872.0
2020-07-06,8.35,8.65,8.25,8.55,408550.0
2020-07-02,8.81,8.9,8.31,8.32,306366.0
2020-07-01,8.68,8.99,8.41,8.62,407248.0
2020-06-30,8.71,8.86,8.45,8.69,439229.0
2020-06-29,8.39,8.87,8.13,8.79,537218.0
2020-06-26,8.65,8.77,8.28,8.52,636791.0
2020-06-25,8.15,8.79,8.0,8.78,383227.0
2020-06-24,8.57,8.7,8.07,8.55,705525.0
2020-06-23,8.71,8.9,8.49,8.83,406202.0
2020-06-22,8.51,8.66,8.29,8.52,492663.0
2020-06-19,8.73,8.91,8.5,8.63,1130726.0
2020-06-18,8.6,8.82,8.41,8.69,466691.0
2020-06-17,8.84,9.04,8.5,8.89,581288.0
2020-06-16,8.86,9.42,8.42,8.89,1107858.0
2020-06-15,7.8,8.35,7.63,8.01,1076540.0
2020-06-12,8.2,8.46,7.81,8.38,615707.0
2020-06-11,7.85,8.04,7.17,7.52,741469.0
2020-06-10,8.9,8.98,8.16,8.6,682499.0
2020-06-09,9.63,9.95,8.85,8.85,1279848.0
2020-06-08,8.8,10.11,8.78,10.08,1071489.0
2020-06-05,8.95,9.5,8.32,8.54,1642696.0
2020-06-04,7.64,8.31,7.64,8.24,1025665.0
2020-06-03,7.25,7.89,7.25,7.64,1060071.0
2020-06-02,6.74,7.15,6.66,6.83,1030084.0
2020-06-01,6.19,6.88,6.01,6.42,1261102.0
2020-05-29,6.17,6.17,5.81,5.87,524279.0
2020-05-28,6.27,6.32,5.96,6.17,610775.0
2020-05-27,6.69,6.75,5.94,6.17,707149.0
2020-05-26,6.3,6.65,6.3,6.44,635104.0
2020-05-22,6.19,6.19,5.86,6.14,316125.0
2020-05-21,6.05,6.18,5.88,6.02,262015.0
2020-05-20,5.8,6.09,5.76,6.01,372079.0
2020-05-19,5.65,5.99,5.42,5.72,474750.0
2020-05-18,5.91,5.97,5.5,5.7,872077.0
2020-05-15,5.12,5.49,4.89,5.37,1953138.0
2020-05-14,4.75,5.24,4.32,5.24,720140.0
2020-05-13,5.46,5.46,4.63,4.8,815737.0
2020-05-12,5.65,5.69,5.13,5.43,885384.0
2020-05-11,6.51,6.51,5.71,5.73,1299147.0
2020-05-08,6.1,6.34,5.8,6.11,745725.0
2020-05-07,5.65,6.19,5.59,6.08,844223.0
2020-05-06,5.98,6.15,5.52,5.54,492090.0
2020-05-05,6.23,6.46,5.89,5.96,952979.0
2020-05-04,6.29,6.54,6.11,6.18,424055.0
2020-05-01,6.62,6.62,5.92,6.57,834963.0
2020-04-30,7.84,7.86,6.61,6.67,1099458.0
2020-04-29,7.23,7.97,7.18,7.8,1002981.0
2020-04-28,6.3,6.89,6.27,6.86,720340.0
2020-04-27,6.0,6.26,5.88,6.06,339110.0
2020-04-24,6.02,6.03,5.63,5.92,322181.0
2020-04-23,6.01,6.33,5.9,6.01,273953.0
2020-04-22,6.3,6.36,5.76,6.01,407192.0
2020-04-21,5.8,6.37,5.76,6.21,410831.0
2020-04-20,6.43,6.48,5.9,6.12,459747.0
2020-04-17,6.03,7.1,6.03,6.82,712216.0
2020-04-16,6.29,6.41,5.65,5.72,682378.0
2020-04-15,6.25,6.52,6.07,6.35,741209.0
2020-04-14,6.89,7.09,6.21,6.54,792726.0
2020-04-13,6.81,6.92,6.04,6.62,684797.0
2020-04-09,5.9,7.45,5.9,6.68,1065939.0
2020-04-08,5.02,6.0,5.02,5.41,583508.0
2020-04-07,4.84,5.34,4.79,4.8,653336.0
2020-04-06,4.37,5.33,4.37,4.69,540633.0
2020-04-03,4.75,4.95,3.92,4.21,594310.0
2020-04-02,5.54,5.75,4.91,4.95,437751.0
2020-04-01,6.66,6.69,5.51,5.6,471504.0
2020-03-31,6.7,7.25,6.61,7.22,720637.0
2020-03-30,7.18,7.22,6.29,6.76,661898.0
2020-03-27,7.83,8.12,7.03,7.65,932602.0
2020-03-26,5.39,8.16,5.29,7.9,1268997.0
2020-03-25,4.39,5.33,4.06,4.9,970640.0
2020-03-24,5.05,5.4,3.92,3.99,952489.0
2020-03-23,6.55,6.55,4.55,4.71,640729.0
2020-03-20,5.98,7.31,5.75,6.12,1378414.0
2020-03-19,5.86,6.93,5.41,5.72,1006577.0
2020-03-18,7.4,7.4,5.26,5.86,1004721.0
2020-03-17,8.59,8.77,7.36,7.36,788568.0
2020-03-16,9.55,10.02,8.33,8.33,716550.0
2020-03-13,10.87,10.87,9.54,10.74,613280.0
2020-03-12,12.42,12.43,10.24,10.37,662161.0
2020-03-11,12.48,12.57,11.48,11.67,362170.0
2020-03-10,13.12,13.17,12.23,12.76,362283.0
2020-03-09,13.89,14.9,12.78,12.81,484295.0
2020-03-06,14.52,14.54,14.1,14.45,358991.0
2020-03-05,14.88,14.96,14.64,14.86,355667.0
2020-03-04,14.92,15.2,14.76,15.16,319798.0
2020-03-03,15.08,15.18,14.53,14.77,307648.0
2020-03-02,14.59,15.04,14.45,15.01,504254.0
2020-02-28,14.43,14.69,14.27,14.5,878731.0
2020-02-27,15.05,15.12,14.63,14.64,889216.0
2020-02-26,15.4,15.54,15.21,15.24,373728.0
2020-02-25,16.09,16.1,15.18,15.4,632445.0
2020-02-24,16.13,16.22,15.94,16.06,493267.0
2020-02-21,16.87,16.87,16.35,16.35,2408879.0
2020-02-20,16.79,16.9,16.62,16.86,372360.0
2020-02-19,16.74,16.83,16.72,16.81,438377.0
2020-02-18,16.5,16.73,16.5,16.69,444558.0
2020-02-14,16.25,16.48,16.23,16.48,330415.0
2020-02-13,16.47,16.54,16.33,16.36,293075.0
2020-02-12,16.37,16.56,16.31,16.49,178705.0
2020-02-11,16.31,16.36,16.26,16.3,257439.0
2020-02-10,16.36,16.41,16.26,16.31,218564.0
2020-02-07,16.52,16.59,16.32,16.38,235813.0
2020-02-06,16.57,16.72,16.53,16.53,454493.0
2020-02-05,16.6,16.65,16.47,16.56,371520.0
2020-02-04,16.65,16.7,16.55,16.56,392526.0
2020-02-03,16.32,16.56,16.29,16.55,598639.0
2020-01-31,16.52,16.63,16.32,16.32,1236455.0
2020-01-30,16.53,16.6,16.4497,16.51,279504.0
2020-01-29,16.4,16.68,16.36,16.6,701582.0
2020-01-28,15.94,16.4,15.94,16.38,589028.0
2020-01-27,15.7,15.96,15.7,15.86,301453.0
2020-01-24,16.05,16.1,15.78,15.82,439297.0
2020-01-23,15.97,16.1,15.9,16.04,401843.0
2020-01-22,15.89,16.05,15.89,15.97,408953.0
2020-01-21,15.91,15.99,15.87,15.88,442568.0
2020-01-17,15.96,15.99,15.85,15.99,359784.0
2020-01-16,15.75,15.96,15.73,15.95,372633.0
2020-01-15,15.6,15.73,15.6,15.73,243151.0
2020-01-14,15.59,15.66,15.56,15.63,294449.0
2020-01-13,15.44,15.59,15.4,15.59,311935.0
2020-01-10,15.31,15.4,15.28,15.39,231319.0
2020-01-09,15.28,15.32,15.22,15.29,274552.0
2020-01-08,15.21,15.31,15.18,15.24,228605.0
2020-01-07,15.24,15.28,15.17,15.2,320223.0
2020-01-06,15.3,15.37,15.25,15.26,531017.0
2020-01-03,15.41,15.49,15.31,15.35,316864.0
2020-01-02,15.47,15.47,15.27,15.44,1245007.0
2019-12-31,15.34,15.47,15.34,15.42,501682.0
2019-12-30,15.4,15.45,15.31,15.35,382053.0
2019-12-27,15.74,15.78,15.67,15.76,432196.0
2019-12-26,15.7,15.77,15.68,15.74,366910.0
2019-12-24,15.58,15.75,15.54,15.7,302471.0
2019-12-23,15.58,15.6,15.48,15.55,442471.0
2019-12-20,15.56,15.6,15.45,15.49,1565325.0
2019-12-19,15.51,15.58,15.44,15.48,431275.0
2019-12-18,15.53,15.55,15.4,15.54,369437.0
2019-12-17,15.33,15.55,15.31,15.48,344555.0
2019-12-16,15.24,15.55,15.23,15.35,569255.0
2019-12-13,15.18,15.35,15.08,15.23,796134.0
2019-12-12,15.11,15.42,15.11,15.23,422523.0
2019-12-11,15.39,15.4,15.0,15.16,717439.0
2019-12-10,15.38,15.44,15.16,15.4,563048.0
2019-12-09,15.49,15.56,15.34,15.37,1923347.0
2019-12-06,15.42,15.62,15.1,15.62,7312441.0
2019-12-05,15.47,15.57,15.34,15.49,3681498.0
2019-12-04,16.23,16.35,15.83,15.9,1220375.0
2019-12-03,16.66,16.9,16.16,16.24,2149099.0
2019-12-02,15.88,15.91,15.68,15.72,65285.0
2019-11-29,15.64,15.77,15.6,15.77,43415.0
2019-11-27,15.54,15.72,15.53,15.68,56729.0
2019-11-26,15.64,15.73,15.5,15.53,82729.0
2019-11-25,15.42,15.73,15.39,15.67,82556.0
2019-11-22,15.55,15.55,15.37,15.44,65695.0
2019-11-21,15.61,15.64,15.52,15.54,39989.0
2019-11-20,15.5,15.75,15.5,15.64,110262.0
2019-11-19,15.64,15.7,15.5,15.59,83578.0
2019-11-18,15.65,15.73,15.48,15.63,58407.0
2019-11-15,15.8,15.83,15.66,15.71,78844.0
2019-11-14,15.85,16.15,15.71,15.73,123784.0
2019-11-13,15.83,15.9,15.77,15.84,64474.0
2019-11-12,15.85,15.94,15.79,15.86,84527.0
2019-11-11,15.78,15.99,15.78,15.85,84146.0
2019-11-08,15.89,15.95,15.7,15.86,152769.0
2019-11-07,16.29,16.29,16.0,16.12,153831.0
2019-11-06,15.82,15.97,15.76,15.89,82194.0
2019-11-05,15.9,15.92,15.81,15.84,65216.0
2019-11-04,16.07,16.13,15.8,15.9,138818.0
2019-11-01,15.94,16.26,15.87,16.03,143569.0
2019-10-31,16.39,16.39,15.82,15.83,380553.0
2019-10-30,16.33,16.33,16.18,16.27,92204.0
2019-10-29,16.17,16.3,16.15,16.28,99345.0
2019-10-28,16.22,16.24,16.15,16.17,91083.0
2019-10-25,16.38,16.38,16.19,16.21,65740.0
2019-10-24,16.49,16.5,16.3,16.32,86371.0
2019-10-23,16.28,16.55,16.23,16.42,184062.0
2019-10-22,16.41,16.41,16.2,16.23,66168.0
2019-10-21,16.23,16.38,16.21,16.31,98502.0
2019-10-18,16.01,16.2,15.98,16.17,88795.0
2019-10-17,15.88,16.06,15.88,16.06,80502.0
2019-10-16,15.83,15.87,15.8,15.84,99912.0
2019-10-15,15.78,15.93,15.73,15.82,65410.0
2019-10-14,15.81,15.81,15.69,15.76,76777.0
2019-10-11,15.75,15.91,15.74,15.81,96172.0
2019-10-10,15.64,15.74,15.63,15.63,91779.0
2019-10-09,15.65,15.67,15.56,15.57,63058.0
2019-10-08,15.6,15.64,15.51,15.54,87538.0
2019-10-07,15.69,15.75,15.57,15.64,113931.0
2019-10-04,15.65,15.7,15.56,15.69,122461.0
2019-10-03,15.65,15.75,15.52,15.64,80342.0
2019-10-02,15.67,15.69,15.46,15.64,143364.0
2019-10-01,15.91,16.01,15.72,15.78,90755.0
2019-09-30,15.92,15.99,15.79,15.92,153018.0
2019-09-27,16.02,16.03,15.82,15.92,127089.0
2019-09-26,16.52,16.54,16.3,16.37,182055.0
2019-09-25,16.24,16.54,16.21,16.52,192375.0
2019-09-24,16.35,16.38,16.22,16.25,151432.0
2019-09-23,16.19,16.38,16.19,16.32,107062.0
2019-09-20,16.36,16.43,16.0,16.32,1396487.0
2019-09-19,16.36,16.55,16.26,16.38,210297.0
2019-09-18,16.37,16.45,16.19,16.31,235912.0
2019-09-17,15.98,16.47,15.88,16.35,404094.0
2019-09-16,15.25,16.2,15.25,15.89,571222.0
2019-09-13,15.17,15.32,15.16,15.25,141355.0
2019-09-12,15.21,15.21,15.08,15.13,135735.0
2019-09-11,15.15,15.2,15.09,15.19,140877.0
2019-09-10,15.06,15.27,15.02,15.15,113085.0
2019-09-09,14.88,15.1,14.87,15.08,105544.0
2019-09-06,14.69,14.93,14.67,14.82,76300.0
2019-09-05,14.71,14.79,14.62,14.67,130969.0
2019-09-04,14.63,14.74,14.62,14.63,97526.0
2019-09-03,14.64,14.64,14.44,14.55,134271.0
2019-08-30,14.74,14.76,14.66,14.68,89726.0
2019-08-29,14.72,14.77,14.6,14.71,120075.0
2019-08-28,14.61,14.73,14.58,14.62,72228.0
2019-08-27,15.0,15.0,14.62,14.62,102399.0
2019-08-26,14.7,14.96,14.7,14.9,95791.0
2019-08-23,14.95,15.01,14.62,14.64,114412.0
2019-08-22,15.03,15.05,14.89,14.96,66372.0
2019-08-21,15.02,15.1,14.95,15.03,71139.0
2019-08-20,14.99,15.04,14.92,14.95,68118.0
2019-08-19,14.82,15.05,14.74,14.93,83026.0
2019-08-16,14.51,14.82,14.49,14.72,192378.0
2019-08-15,14.46,14.58,14.4,14.45,89805.0
2019-08-14,14.65,14.65,14.35,14.41,153935.0
2019-08-13,14.77,14.86,14.7,14.75,81488.0
2019-08-12,14.96,15.01,14.77,14.82,102527.0
2019-08-09,15.0,15.1,14.88,15.03,156904.0
2019-08-08,15.04,15.15,14.87,15.08,197618.0
2019-08-07,14.84,15.03,14.8,14.94,122048.0
2019-08-06,14.88,14.95,14.72,14.87,107936.0
2019-08-05,15.01,15.01,14.76,14.9,187229.0
2019-08-02,15.15,15.2,14.96,15.05,101460.0
2019-08-01,15.35,15.43,15.15,15.21,182039.0
2019-07-31,15.27,15.42,15.16,15.37,242894.0
2019-07-30,15.05,15.28,15.05,15.24,132695.0
2019-07-29,15.13,15.15,15.07,15.13,102376.0
2019-07-26,15.08,15.16,15.01,15.12,95166.0
2019-07-25,15.15,15.22,14.97,15.04,68237.0
2019-07-24,15.13,15.22,15.04,15.15,128959.0
2019-07-23,15.01,15.14,14.93,15.13,128349.0
2019-07-22,15.07,15.11,14.96,15.0,154561.0
2019-07-19,15.1,15.1,14.96,15.0,108996.0
2019-07-18,15.12,15.2,15.05,15.16,83054.0
2019-07-17,15.15,15.3,15.09,15.17,157268.0
2019-07-16,15.06,15.16,15.02,15.14,170051.0
2019-07-15,15.11,15.13,15.03,15.09,119781.0
2019-07-12,15.02,15.17,15.0,15.11,249959.0
2019-07-11,14.92,15.03,14.9,15.0,116256.0
2019-07-10,14.94,15.09,14.92,14.95,96694.0
2019-07-09,14.9,15.0,14.85,14.94,108617.0
2019-07-08,14.94,14.99,14.91,14.94,121206.0
2019-07-05,14.79,14.98,14.79,14.98,107376.0
2019-07-03,14.72,14.86,14.69,14.83,203858.0
2019-07-02,14.9,14.98,14.68,14.72,141507.0
2019-07-01,14.95,14.96,14.8,14.88,159231.0
2019-06-28,14.75,14.94,14.69,14.9,606051.0
2019-06-27,14.77,14.89,14.69,14.76,171353.0
2019-06-26,15.13,15.2,15.07,15.1,200593.0
2019-06-25,15.11,15.25,15.08,15.12,128827.0
2019-06-24,15.14,15.26,15.04,15.11,135974.0
2019-06-21,15.2,15.25,15.04,15.05,221706.0
2019-06-20,15.25,15.37,15.22,15.25,117790.0
2019-06-19,15.33,15.36,15.12,15.2,267903.0
2019-06-18,15.44,15.47,15.26,15.33,187685.0
2019-06-17,15.31,15.43,15.21,15.35,338021.0
2019-06-14,15.16,15.37,15.1,15.25,272769.0
2019-06-13,14.9,15.2,14.9,15.16,287840.0
2019-06-12,14.82,14.9,14.73,14.87,170173.0
2019-06-11,14.9,14.95,14.71,14.82,112859.0
2019-06-10,14.7,14.84,14.65,14.79,192923.0
2019-06-07,14.76,14.8569,14.5908,14.65,99635.0
2019-06-06,14.75,14.84,14.57,14.76,122242.0
2019-06-05,14.95,15.0,14.65,14.81,129347.0
2019-06-04,14.75,14.91,14.67,14.9,125576.0
2019-06-03,14.52,14.76,14.48,14.69,178674.0
2019-05-31,14.47,14.84,14.35,14.57,662097.0
2019-05-30,14.75,14.78,14.46,14.54,243487.0
2019-05-29,14.74,14.76,14.64,14.72,129222.0
2019-05-28,14.71,14.76,14.61,14.75,203548.0
2019-05-24,14.61,14.79,14.56,14.67,134727.0
2019-05-23,14.51,14.63,14.39,14.57,119301.0
2019-05-22,14.72,14.8,14.51,14.61,115034.0
2019-05-21,14.6,14.76,14.5,14.75,529020.0
2019-05-20,14.65,14.65,14.53,14.53,184906.0
2019-05-17,14.62,14.69,14.58,14.61,146458.0
2019-05-16,14.73,14.85,14.64,14.71,170394.0
2019-05-15,14.69,14.78,14.6,14.72,142194.0
2019-05-14,14.63,14.79,14.61,14.76,106877.0
2019-05-13,14.69,14.72,14.54,14.65,149405.0
2019-05-10,14.77,14.8,14.61,14.8,150091.0
2019-05-09,14.6,14.99,14.51,14.85,149459.0
2019-05-08,15.2,15.3,15.17,15.25,110336.0
2019-05-07,15.12,15.29,15.09,15.19,116029.0
2019-05-06,15.17,15.33,15.13,15.18,98823.0
2019-05-03,15.15,15.29,15.15,15.29,104273.0
2019-05-02,15.07,15.25,15.0,15.08,51736.0
2019-05-01,15.13,15.25,15.05,15.07,90803.0
2019-04-30,15.2,15.2,15.01,15.11,175130.0
2019-04-29,15.06,15.19,15.02,15.19,105643.0
2019-04-26,14.86,15.0548,14.86,15.0,84052.0
2019-04-25,14.96,14.96,14.69,14.8,121064.0
2019-04-24,14.92,15.07,14.88,14.97,106136.0
2019-04-23,14.75,14.96,14.75,14.85,151956.0
2019-04-22,14.56,14.79,14.56,14.78,149054.0
2019-04-18,14.75,14.75,14.58,14.63,100868.0
2019-04-17,14.89,14.89,14.63,14.72,128008.0
2019-04-16,14.44,14.89,14.44,14.84,184880.0
2019-04-15,14.45,14.48,14.4,14.44,98001.0
2019-04-12,14.47,14.5,14.37,14.42,84826.0
2019-04-11,14.52,14.52,14.4,14.41,122180.0
2019-04-10,14.38,14.5,14.35,14.49,143245.0
2019-04-09,14.48,14.51,14.35,14.39,120915.0
2019-04-08,14.35,14.53,14.35,14.48,238158.0
2019-04-05,14.48,14.53,14.35,14.45,153290.0
2019-04-04,14.49,14.53,14.38,14.48,124930.0
2019-04-03,14.4,14.51,14.31,14.43,117144.0
2019-04-02,14.52,14.52,14.3,14.36,299423.0
2019-04-01,14.65,14.77,14.48,14.55,216263.0
2019-03-29,14.75,14.75,14.33,14.67,532033.0
2019-03-28,14.93,15.04,14.5,14.72,1496485.0
2019-03-27,15.13,15.2,14.89,15.02,362623.0
2019-03-26,15.41,15.61,15.36,15.53,383943.0
2019-03-25,15.06,15.47,15.02,15.36,354892.0
2019-03-22,14.86,14.98,14.77,14.94,232583.0
2019-03-21,14.77,15.05,14.76,14.84,260455.0
2019-03-20,14.83,14.94,14.7,14.77,374127.0
2019-03-19,14.93,14.93,14.8,14.81,124992.0
2019-03-18,14.79,15.11,14.77,14.91,154574.0
2019-03-15,14.89,14.96,14.7,14.76,263986.0
2019-03-14,14.93,15.08,14.79,14.83,226732.0
2019-03-13,15.39,15.49,14.41,15.05,555599.0
2019-03-12,15.81,15.81,15.56,15.62,93053.0
2019-03-11,15.59,15.76,15.57,15.67,130165.0
2019-03-08,15.41,15.62,15.4,15.51,73416.0
2019-03-07,15.55,15.63,15.46,15.52,111835.0
2019-03-06,15.83,15.9,15.54,15.58,139315.0
2019-03-05,16.09,16.1,15.75,15.8,109366.0
2019-03-04,16.07,16.13,15.97,16.06,155532.0
2019-03-01,16.18,16.23,16.0,16.08,161516.0
2019-02-28,15.8,16.16,15.8,16.13,261748.0
2019-02-27,15.85,15.93,15.62,15.92,151231.0
2019-02-26,15.83,15.91,15.8,15.86,103470.0
2019-02-25,15.97,16.02,15.83,15.83,161868.0
2019-02-22,16.04,16.1,15.94,16.0,704955.0
2019-02-21,15.74,16.06,15.685,16.04,141224.0
2019-02-20,16.1,16.11,15.68,15.78,305052.0
2019-02-19,16.19,16.23,16.08,16.15,114650.0
2019-02-15,16.2,16.22,16.1,16.2,117277.0
2019-02-14,16.2,16.25,16.07,16.14,216001.0
2019-02-13,16.21,16.31,16.13,16.23,157532.0
2019-02-12,16.16,16.25,16.03,16.14,115720.0
2019-02-11,15.9,16.13,15.84,16.11,177744.0
2019-02-08,15.67,15.86,15.66,15.86,139998.0
2019-02-07,15.77,15.8,15.64,15.69,104796.0
2019-02-06,15.86,15.89,15.7,15.8,85531.0
2019-02-05,15.88,15.89,15.75,15.87,78980.0
2019-02-04,15.94,15.94,15.75,15.85,131009.0
2019-02-01,15.73,15.81,15.67,15.78,101745.0
2019-01-31,15.47,15.96,15.47,15.64,159250.0
2019-01-30,15.27,15.37,15.26,15.36,87849.0
2019-01-29,15.24,15.33,15.17,15.27,95226.0
2019-01-28,15.23,15.3,15.08,15.21,145696.0
2019-01-25,15.0,15.27,14.98,15.23,132016.0
2019-01-24,14.95,14.95,14.8,14.95,97675.0
2019-01-23,14.9,14.91,14.78,14.85,67957.0
2019-01-22,14.77,14.87,14.68,14.79,117554.0
2019-01-18,14.94,15.05,14.67,14.76,147647.0
2019-01-17,14.84,14.93,14.77,14.87,336270.0
2019-01-16,14.63,14.87,14.57,14.84,126352.0
2019-01-15,14.87,15.08,14.52,14.57,146583.0
2019-01-14,14.56,14.7,14.49,14.57,75433.0
2019-01-11,14.54,14.62,14.46,14.55,72562.0
2019-01-10,14.48,14.52,14.41,14.48,54605.0
2019-01-09,14.67,14.67,14.35,14.52,77054.0
2019-01-08,14.34,14.55,14.23,14.43,101049.0
2019-01-07,13.97,14.19,13.9,14.18,127605.0
2019-01-04,13.88,14.05,13.81,13.97,94853.0
2019-01-03,13.73,13.87,13.62,13.77,53637.0
2019-01-02,13.83,13.87,13.5701,13.79,47802.0
2018-12-31,13.89,13.89,13.44,13.83,94970.0
2018-12-28,13.84,13.98,13.715,13.87,61510.0
2018-12-27,14.01,14.18,13.76,14.16,95633.0
2018-12-26,13.65,14.22,13.58,14.2,72708.0
2018-12-24,13.97,13.97,13.57,13.6,65243.0
2018-12-21,13.99,14.25,13.83,13.98,169670.0
2018-12-20,14.54,14.54,13.96,14.07,123768.0
2018-12-19,14.58,14.83,14.45,14.57,115081.0
2018-12-18,15.04,15.06,14.5,14.62,72577.0
2018-12-17,15.16,15.16,14.5,14.53,72388.0
2018-12-14,15.18,15.35,15.0,15.02,75762.0
2018-12-13,15.24,15.27,15.07,15.25,75041.0
2018-12-12,15.28,15.28,14.96,15.13,158223.0
2018-12-11,15.25,15.41,15.13,15.21,119723.0
2018-12-10,15.12,15.22,14.86,15.15,129202.0
2018-12-07,14.91,15.15,14.9,15.11,186489.0
2018-12-06,14.88,14.93,14.63,14.91,102820.0
2018-12-04,15.11,15.18,14.83,14.96,121110.0
2018-12-03,15.0,15.16,14.82,15.15,310009.0
2018-11-30,14.85,14.99,14.75,14.9,82694.0
2018-11-29,14.88,14.91,14.76,14.87,257057.0
2018-11-28,14.89,14.99,14.81,14.86,244889.0
2018-11-27,14.81,14.86,14.71,14.8,84024.0
2018-11-26,14.89,14.92,14.68,14.74,81026.0
2018-11-23,14.62,14.76,14.57,14.76,30417.0
2018-11-21,14.51,14.66,14.36,14.57,96220.0
2018-11-20,14.28,14.48,14.08,14.44,54246.0
2018-11-19,14.28,14.52,14.27,14.34,102045.0
2018-11-16,14.63,14.68,14.4,14.41,64477.0
2018-11-15,14.6,14.65,14.34,14.6,151889.0
2018-11-14,14.87,15.04,14.43,14.61,101802.0
2018-11-13,14.86,15.24,14.67,14.77,97270.0
2018-11-12,15.04,15.24,14.75,14.8,120749.0
2018-11-09,14.95,15.2,14.5,14.91,162608.0
2018-11-08,14.85,14.88,13.92,14.56,220770.0
2018-11-07,15.13,15.13,14.52,14.94,107388.0
2018-11-06,15.07,15.1,14.9,15.0,16494.0
2018-11-05,15.37,15.37,14.95,15.0,30053.0
2018-11-02,15.24,15.24,14.97,15.13,27505.0
2018-11-01,15.35,15.59,15.08,15.15,35707.0
2018-10-31,15.61,15.63,15.23,15.32,50298.0
2018-10-30,15.3,15.54,15.22,15.5,18481.0
2018-10-29,15.25,15.42,15.05,15.24,36058.0
2018-10-26,15.45,15.6,15.23,15.31,27452.0
2018-10-25,15.36,15.68,15.27,15.61,45523.0
2018-10-24,15.36,15.5,15.27,15.31,27826.0
2018-10-23,15.43,15.49,15.17,15.42,28378.0
2018-10-22,15.4,15.62,15.39,15.57,31554.0
2018-10-19,15.42,15.6,15.31,15.39,41287.0
2018-10-18,15.8,15.81,15.42,15.49,28123.0
2018-10-17,15.68,15.8,15.37,15.77,56451.0
2018-10-16,15.54,15.75,15.36,15.75,34897.0
2018-10-15,15.43,15.6,15.25,15.54,35759.0
2018-10-12,15.76,15.76,15.22,15.35,64015.0
2018-10-11,15.79,15.85,15.42,15.56,67202.0
2018-10-10,15.99,16.13,15.75,15.79,61071.0
2018-10-09,16.12,16.15,15.92,16.02,48349.0
2018-10-08,15.94,16.0,15.85,15.99,58215.0
2018-10-05,16.26,16.29,15.86,15.97,35592.0
2018-10-04,16.15,16.22,16.0,16.09,57457.0
2018-10-03,16.41,16.45,16.22,16.29,49497.0
2018-10-02,17.15,17.15,16.35,16.36,65266.0
2018-10-01,16.85,16.85,16.32,16.57,47749.0
2018-09-28,16.5,16.65,16.45,16.65,41340.0
2018-09-27,16.55,16.55,16.5,16.55,26271.0
2018-09-26,16.75,16.9,16.75,16.9,60003.0
2018-09-25,16.85,16.95,16.75,16.8,38560.0
2018-09-24,16.95,17.0,16.75,16.85,55533.0
2018-09-21,16.6,16.9,16.6,16.9,115694.0
2018-09-20,16.55,16.7,16.5,16.65,29989.0
2018-09-19,16.7,16.8,16.45,16.55,69199.0
2018-09-18,17.0,17.0,16.65,16.65,60382.0
2018-09-17,16.95,17.0,16.8,16.95,63541.0
2018-09-14,17.0,17.0,16.9,16.95,39010.0
2018-09-13,17.0,17.0,16.9,17.0,47559.0
2018-09-12,16.95,17.0,16.85,17.0,39387.0
2018-09-11,16.95,17.0,16.85,16.95,51461.0
2018-09-10,16.95,17.05,16.9,16.95,34804.0
2018-09-07,17.1,17.1,16.85,16.95,48375.0
2018-09-06,17.15,17.225,17.0,17.1,57941.0
2018-09-05,17.1,17.15,17.1,17.15,31367.0
2018-09-04,17.05,17.3,17.05,17.1,76092.0
2018-08-31,17.15,17.1855,17.05,17.15,30816.0
2018-08-30,17.1,17.2,16.95,17.15,66122.0
2018-08-29,17.1,17.15,16.95,17.0,36977.0
2018-08-28,17.0,17.1,16.9,17.05,35145.0
2018-08-27,17.05,17.15,16.9,16.95,32556.0
2018-08-24,17.05,17.05,16.85,17.0,38087.0
2018-08-23,16.95,17.0,16.85,17.0,29014.0
2018-08-22,16.9,17.0,16.895,16.9,85815.0
2018-08-21,16.7,16.9,16.65,16.8,58479.0
2018-08-20,16.75,16.8,16.6,16.65,23060.0
2018-08-17,16.75,16.8,16.6,16.7,35953.0
2018-08-16,16.55,16.75,16.5218,16.75,27800.0
2018-08-15,16.65,16.7,16.55,16.55,30984.0
2018-08-14,16.6,16.684,16.5,16.65,35497.0
2018-08-13,16.5,16.65,16.3,16.55,37112.0
2018-08-10,16.45,16.5,16.3,16.4,28116.0
2018-08-09,16.55,16.7,16.305,16.55,36136.0
2018-08-08,16.3,16.7,16.1,16.7,52008.0
2018-08-07,16.75,16.75,16.25,16.4,56631.0
2018-08-06,16.7,16.75,16.6,16.75,35058.0
2018-08-03,16.65,16.7,16.6,16.7,39815.0
2018-08-02,16.7,16.75,16.65,16.7,31413.0
2018-08-01,16.75,16.75,16.6,16.75,58941.0
2018-07-31,16.7,16.75,16.55,16.7,87937.0
2018-07-30,16.6,16.65,16.54,16.6,27575.0
2018-07-27,16.7,16.7,16.45,16.5,38031.0
2018-07-26,16.5,16.65,16.45,16.65,32452.0
2018-07-25,16.55,16.55,16.45,16.55,25793.0
2018-07-24,16.5,16.55,16.375,16.5,69350.0
2018-07-23,16.45,16.5,16.4,16.45,17589.0
2018-07-20,16.45,16.4572,16.4,16.4,25306.0
2018-07-19,16.3,16.5,16.3,16.4,38371.0
2018-07-18,16.35,16.4,16.25,16.35,23526.0
2018-07-17,16.5,16.6,16.3,16.4,31267.0
2018-07-16,16.6,16.6,16.4,16.5,23554.0
2018-07-13,16.5577,16.6426,16.5,16.5,18440.0
2018-07-12,16.6,16.65,16.45,16.6,43218.0
2018-07-11,16.5,16.6,16.45,16.55,38193.0
2018-07-10,16.6,16.65,16.45,16.5,28469.0
2018-07-09,16.55,16.7,16.4,16.55,85380.0
2018-07-06,16.55,16.55,16.475,16.55,41441.0
2018-07-05,16.5,16.55,16.45,16.5,42406.0
2018-07-03,16.3,16.55,16.3,16.5,27191.0
2018-07-02,16.2,16.3,16.15,16.3,48370.0
2018-06-29,16.25,16.3,16.125,16.25,52965.0
2018-06-28,15.8,16.3,15.8,16.3,85988.0
2018-06-27,16.45,16.55,15.75,16.15,180018.0
2018-06-26,16.6,16.6,16.4,16.45,61369.0
2018-06-25,16.55,16.6,16.4,16.55,37159.0
2018-06-22,16.35,16.55,16.3,16.5,204493.0
2018-06-21,16.25,16.4,16.05,16.3,46351.0
2018-06-20,16.0,16.2,15.9,16.2,108358.0
2018-06-19,16.05,16.1,15.95,15.95,101173.0
2018-06-18,15.9,16.1,15.9,16.05,92664.0
2018-06-15,15.85,16.1,15.75,15.9,178915.0
2018-06-14,16.0,16.0,15.85,15.85,101231.0
2018-06-13,16.1,16.2,15.675,15.8,126413.0
2018-06-12,16.0,16.05,15.9,15.95,38423.0
2018-06-11,16.0,16.05,15.95,15.95,37928.0
2018-06-08,16.05,16.2,16.0,16.0,32864.0
2018-06-07,16.15,16.2,16.05,16.05,21554.0
2018-06-06,15.95,16.15,15.95,16.05,42522.0
2018-06-05,15.9,16.0,15.8,15.95,41613.0
2018-06-04,15.75,16.0,15.7,15.95,42104.0
2018-06-01,15.65,15.805,15.55,15.7,56336.0
2018-05-31,15.65,15.8,15.6,15.6,48532.0
2018-05-30,15.4,15.75,15.35,15.65,74317.0
2018-05-29,15.15,15.45,15.1,15.45,38063.0
2018-05-25,15.35,15.35,15.1,15.15,38337.0
2018-05-24,15.3,15.35,15.2,15.2,24043.0
2018-05-23,15.4,15.45,15.25,15.25,45278.0
2018-05-22,15.35,15.45,15.3,15.35,44409.0
2018-05-21,15.45,15.45,15.1,15.35,46118.0
2018-05-18,15.3,15.3,15.155,15.25,50348.0
2018-05-17,15.2,15.3,15.15,15.15,21536.0
2018-05-16,15.4,15.45,15.2,15.2,39960.0
2018-05-15,15.2,15.4,15.15,15.35,25427.0
2018-05-14,15.2,15.4,15.15,15.25,43248.0
2018-05-11,15.2,15.475,15.15,15.15,45710.0
2018-05-10,15.45,15.95,14.9,15.2,67252.0
2018-05-09,15.45,15.45,14.65,15.0,104083.0
2018-05-08,14.35,14.6,14.3,14.45,58175.0
2018-05-07,14.45,14.505,14.35,14.4,145290.0
2018-05-04,14.35,14.5,14.35,14.4,80523.0
2018-05-03,14.5,14.55,14.35,14.35,61615.0
2018-05-02,14.45,14.55,14.3,14.5,50269.0
2018-05-01,14.35,14.45,14.275,14.45,51040.0
2018-04-30,14.45,14.45,14.3,14.4,25741.0
2018-04-27,14.45,14.45,14.4,14.45,13853.0
2018-04-26,14.45,14.475,14.4,14.4,65837.0
2018-04-25,14.45,14.45,14.375,14.45,34558.0
2018-04-24,14.4,14.475,14.375,14.45,39650.0
2018-04-23,14.4,14.4,14.35,14.4,19176.0
2018-04-20,14.35,14.4,14.35,14.4,43827.0
2018-04-19,14.3,14.4,14.25,14.35,47157.0
2018-04-18,14.4,14.4,14.3,14.35,59299.0
2018-04-17,14.4,14.5,14.255,14.4,52868.0
2018-04-16,14.35,14.55,14.25,14.35,40739.0
2018-04-13,14.65,14.65,14.05,14.2,42613.0
2018-04-12,14.65,14.65,14.45,14.55,25355.0
2018-04-11,14.55,14.7,14.55,14.65,12588.0
2018-04-10,14.65,14.65,14.375,14.55,72008.0
2018-04-09,14.65,14.75,14.55,14.55,57953.0
2018-04-06,14.65,14.65,14.55,14.65,31670.0
2018-04-05,14.65,14.75,14.55,14.6,53126.0
2018-04-04,14.55,14.9,14.55,14.65,38942.0
2018-04-03,14.7,14.85,14.6,14.7,37063.0
2018-04-02,15.1,15.1242,14.4,14.7,98421.0
2018-03-29,14.75,15.3,14.74,15.15,238882.0
2018-03-28,14.55,14.7,14.35,14.65,54165.0
2018-03-27,14.45,14.85,14.4,14.85,80378.0
2018-03-26,14.55,14.625,14.4,14.45,92523.0
2018-03-23,14.5,14.75,14.3,14.4,59549.0
2018-03-22,14.5,14.65,14.45,14.45,73624.0
2018-03-21,14.9,14.9,14.55,14.6,40644.0
2018-03-20,15.0,15.15,14.65,14.9,34227.0
2018-03-19,15.05,15.35,14.8,15.05,53091.0
2018-03-16,15.1,15.35,15.065,15.1,135636.0
2018-03-15,15.0,15.3,14.5,15.1,53962.0
2018-03-14,14.75,14.95,14.75,14.95,55046.0
2018-03-13,14.95,14.95,14.65,14.7,36723.0
2018-03-12,14.5,14.95,14.5,14.9,62143.0
2018-03-09,14.35,14.55,14.2,14.55,38071.0
2018-03-08,14.2,14.35,14.05,14.3,33964.0
2018-03-07,13.85,14.3,13.85,14.2,44319.0
2018-03-06,13.8,13.9,13.6407,13.85,49219.0
2018-03-05,13.9,13.95,13.75,13.9,23473.0
2018-03-02,13.7,13.9,13.6,13.85,31373.0
2018-03-01,13.75,13.85,13.55,13.8,57680.0
2018-02-28,13.95,13.95,13.75,13.8,88652.0
2018-02-27,14.1,14.15,13.85,13.85,68929.0
2018-02-26,14.15,14.15,14.0,14.15,23447.0
2018-02-23,14.0,14.15,13.9,14.15,45713.0
2018-02-22,14.0,14.0,13.75,13.95,48141.0
2018-02-21,13.85,14.15,13.75,13.9,73789.0
2018-02-20,14.15,14.2,13.75,13.8,58541.0
2018-02-16,13.95,14.3,13.95,14.2,52527.0
2018-02-15,13.95,14.05,13.9,14.0,30488.0
2018-02-14,14.0,14.1,13.55,13.9,79162.0
2018-02-13,14.0,14.1,13.95,14.1,45141.0
2018-02-12,14.15,14.15,13.85,14.05,70184.0
2018-02-09,14.05,14.15,13.95,14.1,51591.0
2018-02-08,14.3,14.4,14.0,14.05,86888.0
2018-02-07,14.3,14.575,14.3,14.4,78311.0
2018-02-06,14.05,14.45,13.75,14.4,102069.0
2018-02-05,14.3,14.35,14.1,14.3,93169.0
2018-02-02,14.65,14.65,14.35,14.45,64448.0
2018-02-01,14.4,14.7,14.2284,14.7,62217.0
2018-01-31,14.9,14.9,14.4,14.5,93077.0
2018-01-30,14.9,14.95,14.65,14.85,56987.0
2018-01-29,15.05,15.05,14.9,15.0,48903.0
2018-01-26,15.25,15.25,15.0,15.05,36597.0
2018-01-25,15.2,15.2,15.1,15.2,35018.0
2018-01-24,15.1,15.25,15.1,15.15,43160.0
2018-01-23,15.25,15.25,15.0,15.1,67150.0
2018-01-22,15.1,15.2281,15.1,15.2,47503.0
2018-01-19,14.9,15.35,14.85,15.1,53829.0
2018-01-18,14.9,15.1,14.9,14.95,46458.0
2018-01-17,14.95,15.05,14.9,14.95,43490.0
2018-01-16,15.3,15.35,14.95,14.95,65791.0
2018-01-12,14.8,15.3,14.8,15.15,62266.0
2018-01-11,15.05,15.25,15.0,15.2,153713.0
2018-01-10,15.0,15.05,14.95,15.0,102937.0
2018-01-09,15.05,15.095,14.9255,15.05,63953.0
2018-01-08,15.15,15.2,14.85,15.05,93750.0
2018-01-05,15.2,15.3,15.1,15.2,102209.0
2018-01-04,15.25,15.3,15.1,15.1,49035.0
2018-01-03,15.2,15.2,15.1,15.15,42396.0
2018-01-02,15.1,15.35,15.0,15.2,88266.0
2017-12-29,15.2,15.2,15.0,15.15,73941.0
2017-12-28,15.15,15.4,15.15,15.25,52081.0
2017-12-27,15.45,15.6,15.45,15.45,38931.0
2017-12-26,15.4,15.6,15.35,15.45,56732.0
2017-12-22,15.5,15.55,15.4,15.4,75467.0
2017-12-21,15.6,15.65,15.45,15.5,82765.0
2017-12-20,15.6,15.6,15.45,15.5,72075.0
2017-12-19,15.85,15.9,15.45,15.55,84447.0
2017-12-18,16.0,16.05,15.75,15.85,196260.0
2017-12-15,15.95,16.0,15.8,15.85,243823.0
2017-12-14,15.95,16.0,15.875,16.0,46739.0
2017-12-13,15.95,16.0,15.8841,16.0,77483.0
2017-12-12,16.0,16.0,15.9,15.95,33266.0
2017-12-11,16.0,16.0021,15.95,16.0,42298.0
2017-12-08,16.0,16.025,15.95,16.0,28741.0
2017-12-07,16.0,16.0,15.9,15.95,56587.0
2017-12-06,16.0,16.05,15.93,15.95,27310.0
2017-12-05,16.05,16.05,15.925,16.0,52400.0
2017-12-04,16.0,16.2,15.85,15.95,85567.0
2017-12-01,15.85,16.1,15.65,16.1,76707.0
2017-11-30,15.9,15.9,15.6,15.8,72150.0
2017-11-29,15.55,16.0,15.55,15.8,45716.0
2017-11-28,15.95,15.95,15.7,15.85,49226.0
2017-11-27,15.9,15.95,15.75,15.8,31437.0
2017-11-24,15.75,15.95,15.75,15.95,15581.0
2017-11-22,15.8,15.95,15.65,15.65,76511.0
2017-11-21,15.7,15.8,15.6,15.8,69184.0
2017-11-20,15.7,15.7,15.55,15.65,60680.0
2017-11-17,15.45,15.7,15.4,15.6,46533.0
2017-11-16,15.45,15.7,15.4,15.55,59821.0
2017-11-15,15.35,15.5,15.3,15.35,45197.0
2017-11-14,15.05,15.45,15.05,15.35,52041.0
2017-11-13,15.5,15.55,15.2,15.3,36036.0
2017-11-10,15.25,15.65,15.25,15.45,61678.0
2017-11-09,15.55,15.575,15.15,15.4,121759.0
2017-11-08,15.05,15.15,14.7876,15.05,58538.0
2017-11-07,15.1,15.3,15.0,15.05,57268.0
2017-11-06,15.35,15.4,15.1,15.15,62861.0
2017-11-03,15.65,15.65,15.3,15.35,64124.0
2017-11-02,15.75,15.75,15.35,15.65,86276.0
2017-11-01,15.65,15.75,15.55,15.7,41355.0
2017-10-31,15.75,15.8,15.6,15.65,98460.0
2017-10-30,15.85,15.85,15.7,15.75,70616.0
2017-10-27,15.85,15.85,15.75,15.85,56796.0
2017-10-26,15.95,15.95,15.75,15.8,60051.0
2017-10-25,15.3,15.85,15.3,15.85,64288.0
2017-10-24,15.65,15.9,15.55,15.75,42940.0
2017-10-23,15.95,15.95,15.75,15.8,26751.0
2017-10-20,15.7,15.9,15.7,15.9,30281.0
2017-10-19,15.8,15.9,15.75,15.8,54895.0
2017-10-18,15.7,15.95,15.7,15.85,49335.0
2017-10-17,16.0,16.0,15.75,15.8,34322.0
2017-10-16,15.95,15.95,15.8,15.85,53087.0
2017-10-13,15.9,15.95,15.8,15.9,60578.0
2017-10-12,15.9,15.9,15.75,15.85,52254.0
2017-10-11,15.9,15.925,15.75,15.85,72321.0
2017-10-10,15.9,15.9,15.8,15.8,67599.0
2017-10-09,15.9,15.9,15.75,15.85,36848.0
2017-10-06,15.8,15.95,15.7965,15.9,53382.0
2017-10-05,15.8,15.95,15.8,15.85,68945.0
2017-10-04,15.85,15.9,15.75,15.8,60932.0
2017-10-03,15.75,15.85,15.75,15.85,38392.0
2017-10-02,15.7,15.85,15.7,15.8,63543.0
2017-09-29,15.85,15.8503,15.55,15.7,187932.0
2017-09-28,15.7,15.95,15.7,15.8,168620.0
2017-09-27,15.75,16.1,15.75,15.95,155336.0
2017-09-26,15.95,15.95,15.8,15.8,81847.0
2017-09-25,15.9,16.0,15.85,15.9,75879.0
2017-09-22,16.0,16.0,15.85,15.9,65151.0
2017-09-21,15.85,15.9,15.75,15.8,57439.0
2017-09-20,15.85,15.95,15.75,15.8,58588.0
2017-09-19,15.7,16.0,15.7,15.85,106176.0
2017-09-18,16.0,16.0,15.7,15.7,146210.0
2017-09-15,15.975,16.05,15.7,15.7,573597.0
2017-09-14,15.75,16.0,15.75,15.95,99603.0
2017-09-13,15.95,15.95,15.65,15.8,168153.0
2017-09-12,16.0,16.0,15.75,15.85,107084.0
2017-09-11,16.05,16.05,15.6,15.8,104987.0
2017-09-08,16.0,16.0,15.65,15.8,91276.0
2017-09-07,15.95,15.95,15.575,15.7,114201.0
2017-09-06,15.5,15.7,15.35,15.6,131121.0
2017-09-05,15.45,15.5,15.35,15.5,139601.0
2017-09-01,15.2,15.4,15.2,15.4,46017.0
2017-08-31,15.6,15.6,15.2,15.25,56991.0
2017-08-30,15.7,15.7,15.095,15.2,47866.0
2017-08-29,15.2,15.2,15.05,15.15,68649.0
2017-08-28,15.15,15.2,15.0,15.15,72628.0
2017-08-25,15.95,15.95,15.0,15.15,65474.0
2017-08-24,14.95,15.25,14.85,15.15,98973.0
2017-08-23,14.8,15.0,14.8,14.9,56127.0
2017-08-22,14.85,14.9112,14.825,14.85,52317.0
2017-08-21,14.85,14.85,14.65,14.75,87723.0
2017-08-18,14.75,14.85,14.7,14.8,92349.0
2017-08-17,14.8,14.95,14.75,14.8,85601.0
2017-08-16,15.0,15.0,14.825,14.9,55636.0
2017-08-15,14.95,15.0,14.85,14.95,74655.0
2017-08-14,14.8,15.15,14.8,15.05,174548.0
2017-08-11,14.15,14.8,14.15,14.7,74733.0
2017-08-10,14.8,15.05,14.8,14.85,126333.0
2017-08-09,14.85,14.9,14.7403,14.85,100457.0
2017-08-08,14.7,14.9,14.7,14.75,74708.0
2017-08-07,14.7,14.95,14.6,14.8,126174.0
2017-08-04,14.8,14.8,14.45,14.6,90557.0
2017-08-03,15.1,15.1,14.65,14.75,29708.0
2017-08-02,14.75,14.9,14.6,14.75,80840.0
2017-08-01,14.8,14.8,14.7,14.8,40735.0
2017-07-31,14.5,14.9,14.5,14.8,86684.0
2017-07-28,14.5,14.6,14.5,14.5,31480.0
2017-07-27,14.6305,14.65,14.55,14.6,52132.0
2017-07-26,14.6,14.75,14.6,14.6,28832.0
2017-07-25,14.6,14.7,14.5,14.65,54409.0
2017-07-24,14.7,14.9,14.55,14.6,51452.0
2017-07-21,14.8,14.9,14.6,14.65,80969.0
2017-07-20,14.7,14.8,14.65,14.75,53041.0
2017-07-19,14.45,14.7,14.4,14.65,55510.0
2017-07-18,14.55,14.6,14.35,14.4,62362.0
2017-07-17,14.7,14.7,14.5,14.5,72143.0
2017-07-14,14.65,14.7,14.65,14.65,38437.0
2017-07-13,14.65,14.75,14.55,14.7,56305.0
2017-07-12,14.8,14.95,14.75,14.75,75833.0
2017-07-11,14.85,14.9,14.7,14.8,88861.0
2017-07-10,14.8,14.95,14.75,14.8,59433.0
2017-07-07,14.8,14.95,14.8,14.9,59043.0
2017-07-06,14.65,14.95,14.5,14.8,80486.0
2017-07-05,14.9,15.0,14.75,14.9,61101.0
2017-07-03,14.8,14.85,14.65,14.85,46405.0
2017-06-30,14.9,14.9,14.65,14.85,62322.0
2017-06-29,14.8,14.85,14.65,14.85,61895.0
2017-06-28,14.75,15.0,14.75,14.85,115254.0
2017-06-27,15.15,15.25,15.0,15.0,124382.0
2017-06-26,15.25,15.35,15.15,15.15,106901.0
2017-06-23,15.1,15.35,15.0,15.15,1725516.0
2017-06-22,15.1,15.2,15.025,15.05,135732.0
2017-06-21,15.35,15.35,15.05,15.05,76139.0
2017-06-20,15.3,15.35,15.15,15.3,53229.0
2017-06-19,15.3,15.35,15.2,15.3,104459.0
2017-06-16,15.3,15.35,15.2,15.3,209458.0
2017-06-15,15.15,15.25,15.15,15.2,52189.0
2017-06-14,15.3,15.3,15.1,15.2,55135.0
2017-06-13,15.2,15.3,15.15,15.25,81834.0
2017-06-12,15.1,15.3,15.05,15.25,113361.0
2017-06-09,14.9,15.2,14.9,15.15,54371.0
2017-06-08,14.8,15.0,14.8,14.95,39201.0
2017-06-07,14.85,14.95,14.75,14.85,40021.0
2017-06-06,14.85,15.025,14.75,14.9,82617.0
2017-06-05,15.0,15.0,14.8,14.8,54789.0
2017-06-02,15.0,15.0,14.9,14.95,42307.0
2017-06-01,14.95,15.0,14.9,14.95,48245.0
2017-05-31,14.85,14.95,14.7,14.95,146399.0
2017-05-30,14.9,14.95,14.8,14.85,47004.0
2017-05-26,14.85,14.95,14.8,14.9,53043.0
2017-05-25,14.95,14.95,14.8,14.85,41771.0
2017-05-24,14.75,14.9,14.7,14.9,50398.0
2017-05-23,14.7,14.8,14.6,14.65,35343.0
2017-05-22,14.6,14.75,14.5,14.65,57686.0
2017-05-19,14.45,14.7,14.425,14.6,76846.0
2017-05-18,14.5,14.6,14.4,14.55,101467.0
2017-05-17,14.45,14.55,14.3,14.45,45738.0
2017-05-16,14.5,14.65,14.4,14.45,49965.0
2017-05-15,14.4,14.55,14.4,14.5,53429.0
2017-05-12,14.5,14.5,14.35,14.4,52232.0
2017-05-11,14.55,14.6,14.4,14.5,92214.0
2017-05-10,15.0,15.05,14.55,14.6,73323.0
2017-05-09,14.9,14.9,14.55,14.7,89752.0
2017-05-08,14.85,14.95,14.75,14.9,181085.0
2017-05-05,14.5855,14.85,14.5,14.75,77685.0
2017-05-04,14.6,14.6,14.4,14.55,62095.0
2017-05-03,14.6,14.7,14.6,14.6,58464.0
2017-05-02,14.55,14.7,14.5,14.65,99021.0
2017-05-01,14.65,14.65,14.5,14.55,46676.0
2017-04-28,14.7,14.7,14.55,14.6,76393.0
2017-04-27,14.6,14.7,14.55,14.7,77879.0
2017-04-26,14.55,14.65,14.5,14.55,84920.0
2017-04-25,14.55,14.65,14.5,14.6,82742.0
2017-04-24,14.65,14.65,14.35,14.5,83891.0
2017-04-21,14.55,14.65,14.5,14.55,56710.0
2017-04-20,14.5,14.7,14.45,14.65,77577.0
2017-04-19,14.5,14.65,14.4,14.45,111596.0
2017-04-18,14.45,14.55,14.35,14.45,107293.0
2017-04-17,14.45,14.6,14.35,14.55,146524.0
2017-04-13,14.45,14.6,14.35,14.35,80803.0
2017-04-12,14.45,14.45,14.35,14.35,67748.0
2017-04-11,14.35,14.65,14.35,14.45,93592.0
2017-04-10,14.35,14.55,14.35,14.4,89117.0
2017-04-07,14.25,14.55,14.25,14.4,110396.0
2017-04-06,14.15,14.45,14.15,14.2,122617.0
2017-04-05,14.3,14.4,14.15,14.15,84057.0
2017-04-04,14.4,14.45,14.1,14.15,121495.0
2017-04-03,14.55,14.55,14.35,14.35,138205.0
2017-03-31,14.65,14.7,14.45,14.45,84561.0
2017-03-30,14.6,14.65,14.4,14.65,83502.0
2017-03-29,14.3,14.7,14.3,14.5,87746.0
2017-03-28,14.5,14.75,14.4,14.7,175974.0
2017-03-27,14.35,14.5,14.3,14.45,235089.0
2017-03-24,14.3,14.35,14.2,14.3,155022.0
2017-03-23,14.15,14.2,14.0472,14.2,71617.0
2017-03-22,13.85,14.1,13.8,14.1,64731.0
2017-03-21,13.9,13.95,13.75,13.85,83129.0
2017-03-20,14.0,14.05,13.85,13.85,120881.0
2017-03-17,13.95,14.1,13.75,13.95,659388.0
2017-03-16,14.05,14.1,13.85,13.95,91745.0
2017-03-15,13.75,14.25,13.65,14.0,212638.0
2017-03-14,13.55,13.7,13.35,13.6,80676.0
2017-03-13,13.6,13.6,13.4,13.45,48187.0
2017-03-10,13.5,13.55,13.4,13.45,28396.0
2017-03-09,13.45,13.6,13.375,13.45,33693.0
2017-03-08,13.65,13.65,13.45,13.45,75453.0
2017-03-07,13.5,13.7,13.5,13.65,49520.0
2017-03-06,13.6,13.7,13.5,13.6,49400.0
2017-03-03,13.55,13.7,13.55,13.65,59238.0
2017-03-02,13.65,13.7,13.55,13.6,26021.0
2017-03-01,13.8,13.9,13.55,13.6,123662.0
2017-02-28,13.7,13.85,13.65,13.8,46121.0
2017-02-27,13.755,13.8,13.65,13.8,59024.0
2017-02-24,13.7,13.8,13.6,13.75,22707.0
2017-02-23,13.75,13.8,13.7,13.7,14190.0
2017-02-22,13.6,13.8,13.6,13.75,55146.0
2017-02-21,13.65,13.7,13.5,13.6,38950.0
2017-02-17,13.6,13.65,13.55,13.65,36972.0
2017-02-16,13.65,13.65,13.5,13.6,29242.0
2017-02-15,13.35,13.7,13.35,13.65,42092.0
2017-02-14,13.3,13.45,13.25,13.4,61157.0
2017-02-13,13.35,13.35,13.25,13.3,56929.0
2017-02-10,13.35,13.4,13.25,13.3,108262.0
2017-02-09,13.4,13.4,13.3,13.4,26207.0
2017-02-08,13.4,13.45,13.3,13.35,72633.0
2017-02-07,13.45,13.5,13.35,13.5,46984.0
2017-02-06,13.45,13.45,13.35,13.4,28181.0
2017-02-03,13.15,13.45,13.1,13.45,62943.0
2017-02-02,13.2,13.2,13.05,13.15,49633.0
2017-02-01,13.2166,13.2303,13.1,13.2,30428.0
2017-01-31,13.2,13.2,13.0,13.2,56254.0
2017-01-30,13.15,13.15,13.05,13.1,54577.0
2017-01-27,13.2,13.245,13.05,13.1,100028.0
2017-01-26,13.2,13.25,13.1,13.1,95768.0
2017-01-25,13.3,13.3,13.2,13.2,54273.0
2017-01-24,13.2,13.45,13.2,13.3,30043.0
2017-01-23,13.25,13.35,13.15,13.25,35429.0
2017-01-20,13.345,13.35,13.1786,13.3,47099.0
2017-01-19,13.35,13.4,13.15,13.2,84431.0
2017-01-18,13.4,13.4,13.35,13.35,30248.0
2017-01-17,13.4,13.45,13.35,13.35,22069.0
2017-01-13,13.3,13.5,13.3,13.5,37765.0
2017-01-12,13.5,13.6,13.25,13.35,58596.0
2017-01-11,13.55,13.6,13.4,13.55,79732.0
2017-01-10,13.5,13.6,13.35,13.5,219588.0
2017-01-09,13.55,13.65,13.4,13.55,20843.0
2017-01-06,13.5,13.575,13.45,13.5,42261.0
2017-01-05,13.65,13.65,13.5,13.55,46116.0
2017-01-04,13.5,13.7,13.5,13.7,50786.0
2017-01-03,13.45,13.6,13.3922,13.5,68957.0
2016-12-30,13.3,13.45,13.25,13.45,52109.0
2016-12-29,13.3,13.35,13.25,13.35,32395.0
2016-12-28,13.2,13.5,13.2,13.35,58069.0
2016-12-27,13.55,13.625,13.45,13.55,65393.0
2016-12-23,13.4,13.7,13.25,13.65,206942.0
2016-12-22,13.4,13.695,13.25,13.4,120621.0
2016-12-21,13.4,13.45,13.25,13.3,410232.0
2016-12-20,13.4,13.5,13.3,13.5,113581.0
2016-12-19,13.6,13.7,13.3,13.4,112527.0
2016-12-16,13.35,13.5,13.3,13.4,217013.0
2016-12-15,13.45,13.525,13.25,13.3,86849.0
2016-12-14,13.5,13.55,13.35,13.5,70851.0
2016-12-13,13.7,13.845,13.45,13.45,772262.0
2016-12-12,13.95,13.95,13.5,13.55,65998.0
2016-12-09,13.9,14.0,13.9,13.95,95263.0
2016-12-08,13.75,13.95,13.75,13.9,53841.0
2016-12-07,13.85,13.9,13.75,13.8,102311.0
2016-12-06,13.6,13.75,13.55,13.7,54053.0
2016-12-05,13.3,13.65,13.3,13.65,74619.0
2016-12-02,13.25,13.35,13.1,13.2,43152.0
2016-12-01,13.3,13.4,13.15,13.15,46224.0
2016-11-30,13.15,13.35,13.1,13.2,92734.0
2016-11-29,13.0,13.2,13.0,13.15,24831.0
2016-11-28,12.85,13.2,12.85,13.05,79568.0
2016-11-25,12.8,12.95,12.8,12.95,63267.0
2016-11-23,12.85,13.0,12.65,12.8,103385.0
2016-11-22,12.6,13.4,12.6,12.9,136476.0
2016-11-21,12.45,12.65,12.45,12.6,91667.0
2016-11-18,12.55,12.65,12.45,12.5,46674.0
2016-11-17,12.75,12.75,12.5,12.6,21723.0
2016-11-16,12.55,12.7,12.55,12.65,78716.0
2016-11-15,12.5,12.6,12.45,12.55,84139.0
2016-11-14,12.8,12.8,12.5,12.5,46948.0
2016-11-11,12.6,12.75,12.6,12.7,93998.0
2016-11-10,12.5,12.65,12.5,12.65,44560.0
2016-11-09,12.65,12.65,12.4,12.5,70112.0
2016-11-08,12.8,12.85,12.65,12.7,102631.0
2016-11-07,12.9,12.925,12.8,12.85,104770.0
2016-11-04,12.9715,12.9715,12.8,12.9,72571.0
2016-11-03,13.25,13.25,12.95,13.0,90861.0
2016-11-02,12.65,13.25,12.5755,13.15,221331.0
2016-11-01,13.25,13.25,12.5,12.7191,106287.0
2016-10-31,13.35,13.4,13.2,13.4,47790.0
2016-10-28,13.55,13.7,13.25,13.25,46679.0
2016-10-27,13.55,13.55,13.325,13.45,98630.0
2016-10-26,14.0,14.15,13.0,13.4,161276.0
2016-10-25,14.85,14.85,14.4,14.85,140755.0
2016-10-24,14.55,14.95,14.55,14.9,60333.0
2016-10-21,14.55,14.6744,14.5,14.55,55843.0
2016-10-20,14.45,14.6,14.445,14.55,115089.0
2016-10-19,14.4,14.5,14.4,14.45,126871.0
2016-10-18,14.4,14.5,14.35,14.45,104068.0
2016-10-17,14.45,14.5,14.3,14.3,95970.0
2016-10-14,14.42,14.45,14.26,14.33,104321.0
2016-10-13,14.35,14.35,14.28,14.32,21806.0
2016-10-12,14.32,14.359,14.28,14.3,20957.0
2016-10-11,14.35,14.36,14.24,14.3,29590.0
2016-10-10,14.2991,14.415,14.2661,14.29,58725.0
2016-10-07,14.19,14.25,14.18,14.2,73584.0
2016-10-06,14.27,14.3,14.16,14.18,53577.0
2016-10-05,14.13,14.27,14.13,14.2,134077.0
2016-10-04,14.4,14.4,14.12,14.23,52197.0
2016-10-03,14.4,14.4176,14.32,14.33,48291.0
2016-09-30,14.46,14.48,14.36,14.43,29005.0
2016-09-29,14.43,14.48,14.36,14.37,61977.0
2016-09-28,14.64,14.7,14.31,14.48,169385.0
2016-09-27,14.5,14.676,14.48,14.64,35665.0
2016-09-26,14.55,14.5765,14.48,14.48,63534.0
2016-09-23,14.63,14.64,14.52,14.55,38515.0
2016-09-22,14.64,14.76,14.52,14.52,79697.0
2016-09-21,14.48,14.58,14.43,14.58,54293.0
2016-09-20,14.5,14.504,14.42,14.47,52274.0
2016-09-19,14.35,14.5,14.28,14.47,20671.0
2016-09-16,14.35,14.35,14.16,14.28,75413.0
2016-09-15,14.1,14.22,14.06,14.22,78500.0
2016-09-14,14.09,14.1,14.06,14.06,9952.0
2016-09-13,14.02,14.12,14.02,14.09,17006.0
2016-09-12,13.71,14.11,13.71,14.09,25433.0
2016-09-09,13.8,13.88,13.755,13.8,68424.0
2016-09-08,13.75,13.87,13.75,13.82,53217.0
2016-09-07,13.83,13.83,13.74,13.78,14691.0
2016-09-06,13.82,13.83,13.7,13.8,46424.0
2016-09-02,13.75,13.83,13.68,13.79,24717.0
2016-09-01,13.75,13.78,13.63,13.67,17357.0
2016-08-31,13.683,13.84,13.683,13.8,8995.0
2016-08-30,13.78,13.88,13.74,13.76,15157.0
2016-08-29,13.75,13.84,13.75,13.81,8351.0
2016-08-26,13.8,13.85,13.71,13.72,24193.0
2016-08-25,13.7,13.93,13.7,13.78,17271.0
2016-08-24,13.76,13.84,13.7,13.71,42769.0
2016-08-23,13.78,13.92,13.75,13.75,13650.0
2016-08-22,13.785,13.87,13.66,13.78,18154.0
2016-08-19,13.82,13.87,13.6743,13.73,43568.0
2016-08-18,13.81,13.95,13.81,13.81,29616.0
2016-08-17,13.9589,14.0,13.79,13.81,54814.0
2016-08-16,14.04,14.1,13.95,13.99,12149.0
2016-08-15,14.12,14.28,14.0,14.07,20547.0
2016-08-12,13.95,14.2,13.94,14.12,15346.0
2016-08-11,14.1,14.13,13.91,13.94,60856.0
2016-08-10,14.3028,14.3092,14.07,14.09,29690.0
2016-08-09,14.3999,14.4,14.2436,14.27,17905.0
2016-08-08,14.34,14.45,14.3,14.36,21842.0
2016-08-05,14.45,14.45,14.26,14.33,29195.0
2016-08-04,14.2599,14.32,14.09,14.3,58029.0
2016-08-03,14.01,14.16,13.88,14.15,21165.0
2016-08-02,13.74,14.08,13.74,14.07,33919.0
2016-08-01,13.635,13.8,13.62,13.78,5103.0
2016-07-29,13.49,13.69,13.49,13.68,19206.0
2016-07-28,13.56,13.6,13.54,13.59,11698.0
2016-07-27,13.56,13.65,13.54,13.63,7108.0
2016-07-26,13.52,13.75,13.52,13.71,32528.0
2016-07-25,13.47,13.57,13.47,13.52,18029.0
2016-07-22,13.55,13.57,13.53,13.56,11489.0
2016-07-21,13.6,13.6,13.49,13.53,7050.0
2016-07-20,13.47,13.56,13.47,13.54,28002.0
2016-07-19,13.49,13.59,13.49,13.55,6785.0
2016-07-18,13.56,13.647,13.55,13.57,15903.0
2016-07-15,13.8,13.8,13.6,13.61,10741.0
2016-07-14,13.74,13.78,13.58,13.75,19358.0
2016-07-13,13.78,13.807,13.61,13.62,6135.0
2016-07-12,13.7,13.8,13.54,13.74,17140.0
2016-07-11,13.59,13.68,13.55,13.59,9669.0
2016-07-08,13.79,13.79,13.52,13.62,19043.0
2016-07-07,13.68,13.68,13.56,13.6,6818.0
2016-07-06,13.51,13.7053,13.5,13.62,7704.0
2016-07-05,13.55,13.69,13.48,13.54,25995.0
2016-07-01,13.69,13.85,13.63,13.7,9211.0
2016-06-30,13.672,13.7811,13.586,13.71,23481.0
2016-06-29,13.68,13.7399,13.64,13.7,14854.0
2016-06-28,13.65,13.77,13.57,13.68,14052.0
2016-06-27,14.19,14.19,13.53,13.89,54891.0
2016-06-24,14.1,14.23,14.01,14.12,29226.0
2016-06-23,14.3,14.3,14.21,14.24,9817.0
2016-06-22,14.21,14.35,14.21,14.25,14004.0
2016-06-21,14.29,14.33,14.21,14.22,16304.0
2016-06-20,14.49,14.49,14.26,14.36,8287.0
2016-06-17,14.18,14.4,14.18,14.4,27918.0
2016-06-16,14.0,14.23,13.94,14.21,10935.0
2016-06-15,14.11,14.12,13.99,14.06,18875.0
2016-06-14,14.11,14.15,14.06,14.07,11195.0
2016-06-13,14.12,14.22,14.11,14.15,15415.0
2016-06-10,14.26,14.28,14.14,14.17,9390.0
2016-06-09,14.34,14.34,14.24,14.28,6707.0
2016-06-08,14.32,14.34,14.2,14.34,12957.0
2016-06-07,14.34,14.34,14.21,14.24,12721.0
2016-06-06,14.24,14.2892,14.16,14.28,16212.0
2016-06-03,14.19,14.27,14.14,14.22,21160.0
2016-06-02,14.43,14.43,13.9635,14.18,84592.0
2016-06-01,14.47,14.55,14.38,14.46,21410.0
2016-05-31,14.48,14.49,14.35,14.45,21375.0
2016-05-27,14.54,14.5764,14.41,14.52,42178.0
2016-05-26,14.65,14.65,14.4116,14.53,19383.0
2016-05-25,14.65,14.65,14.44,14.57,21515.0
2016-05-24,14.55,14.61,14.4,14.6,11107.0
2016-05-23,14.49,14.54,14.36,14.49,14291.0
2016-05-20,14.26,14.42,14.2,14.41,23369.0
2016-05-19,14.3,14.3,14.2,14.21,14903.0
2016-05-18,14.32,14.3399,14.24,14.29,17586.0
2016-05-17,14.38,14.38,14.29,14.3,25481.0
2016-05-16,14.31,14.4799,14.28,14.36,13617.0
2016-05-13,14.33,14.3601,14.24,14.31,11026.0
2016-05-12,14.45,14.45,14.2,14.3,34405.0
2016-05-11,14.48,14.48,14.38,14.38,27787.0
2016-05-10,14.48,14.5,14.35,14.39,49012.0
2016-05-09,14.5,14.9,14.4066,14.48,55579.0
2016-05-06,14.42,14.475,14.36,14.45,16757.0
2016-05-05,14.51,14.51,14.4,14.41,29485.0
2016-05-04,14.45,14.46,14.3613,14.41,26808.0
2016-05-03,14.5,14.51,14.39,14.42,51608.0
2016-05-02,14.61,14.61,14.46,14.47,18575.0
2016-04-29,14.62,14.62,14.48,14.55,20735.0
2016-04-28,14.54,14.62,14.44,14.58,57731.0
2016-04-27,14.66,14.66,14.51,14.53,30000.0
2016-04-26,14.66,14.72,14.55,14.66,24459.0
2016-04-25,14.61,14.62,14.53,14.62,23614.0
2016-04-22,14.54,14.71,14.5201,14.64,22334.0
2016-04-21,14.83,14.83,14.4,14.5,61931.0
2016-04-20,14.86,14.8832,14.8,14.82,48970.0
2016-04-19,15.0,15.0,14.85,14.9,32335.0
2016-04-18,15.08,15.08,14.88,14.96,38806.0
2016-04-15,15.17,15.17,15.0,15.06,25901.0
2016-04-14,15.076,15.17,15.076,15.13,38378.0
2016-04-13,15.11,15.17,15.0,15.15,26440.0
2016-04-12,15.05,15.2,14.98,15.11,29404.0
2016-04-11,14.92,15.1,14.88,15.08,82782.0
2016-04-08,15.0,15.16,14.85,14.88,69859.0
2016-04-07,15.28,16.0,14.91,14.91,470313.0
2016-04-06,14.81,14.8599,14.68,14.75,29390.0
2016-04-05,14.86,15.04,14.6949,14.76,27125.0
2016-04-04,14.73,15.01,14.73,14.91,30313.0
2016-04-01,14.88,15.02,14.8,14.83,31289.0
2016-03-31,14.93,15.04,14.9,14.92,11848.0
2016-03-30,14.92,15.07,14.85,14.9,34326.0
2016-03-29,14.91,15.09,14.91,14.92,33397.0
2016-03-28,15.44,15.44,15.09,15.26,61197.0
2016-03-24,15.2,15.3589,15.01,15.27,78959.0
2016-03-23,15.16,15.27,15.1,15.1,46723.0
2016-03-22,15.21,15.34,15.15,15.28,26604.0
2016-03-21,15.29,15.44,15.2,15.2,25227.0
2016-03-18,15.25,15.3599,15.14,15.24,53656.0
2016-03-17,15.22,15.28,15.1,15.19,22861.0
2016-03-16,15.01,15.22,14.96,15.06,35033.0
2016-03-15,15.22,15.22,15.01,15.03,31044.0
2016-03-14,15.15,15.2499,15.08,15.14,21639.0
2016-03-11,15.02,15.48,15.02,15.3,63846.0
2016-03-10,15.32,15.41,15.02,15.3,107748.0
2016-03-09,14.75,15.61,14.75,15.36,157487.0
2016-03-08,14.51,14.79,14.42,14.66,53175.0
2016-03-07,14.26,14.7,14.25,14.46,24358.0
2016-03-04,14.21,14.48,14.14,14.25,29622.0
2016-03-03,14.05,14.27,14.05,14.1,22479.0
2016-03-02,14.02,14.26,13.98,14.02,23078.0
2016-03-01,14.16,14.26,13.942,13.96,30545.0
2016-02-29,14.05,14.35,14.02,14.05,16516.0
2016-02-26,13.89,14.15,13.86,13.98,42711.0
2016-02-25,13.79,13.83,13.66,13.79,11445.0
2016-02-24,13.48,13.75,13.39,13.74,19062.0
2016-02-23,13.81,13.87,13.6,13.64,20347.0
2016-02-22,13.7,13.94,13.7,13.74,15648.0
2016-02-19,13.67,13.86,13.67,13.69,11825.0
2016-02-18,13.77,13.8,13.59,13.67,24290.0
2016-02-17,13.45,13.7174,13.45,13.69,11134.0
2016-02-16,13.21,13.503,13.1892,13.36,14280.0
2016-02-12,12.77,13.29,12.77,13.21,18091.0
2016-02-11,13.02,13.02,12.7,12.72,38081.0
2016-02-10,13.21,13.36,13.01,13.01,21026.0
2016-02-09,13.39,13.6316,13.0,13.21,45333.0
2016-02-08,13.9,13.9,13.33,13.55,76171.0
2016-02-05,14.2,14.2,13.88,13.9,20195.0
2016-02-04,14.29,14.29,14.0,14.24,70330.0
2016-02-03,13.83,14.28,13.75,14.11,47596.0
2016-02-02,13.79,14.31,13.52,13.78,30032.0
2016-02-01,13.86,13.89,13.51,13.81,25885.0
2016-01-29,13.0,13.89,12.84,13.63,21042.0
2016-01-28,13.19,13.4,13.03,13.03,13117.0
2016-01-27,12.9,13.26,12.8,13.03,35581.0
2016-01-26,12.81,13.39,12.81,13.07,67841.0
2016-01-25,13.16,13.16,12.8,12.8,82640.0
2016-01-22,13.27,13.7399,13.2,13.29,45638.0
2016-01-21,12.89,13.63,12.81,13.19,38003.0
2016-01-20,13.02,13.14,12.63,12.97,71835.0
2016-01-19,13.7,13.7899,13.19,13.26,24130.0
2016-01-15,13.96,14.14,13.3684,13.7,32647.0
2016-01-14,14.18,14.23,13.78,14.11,20919.0
2016-01-13,14.5,14.54,14.1,14.13,47447.0
2016-01-12,14.65,14.68,14.53,14.56,33598.0
2016-01-11,14.77,14.87,14.63,14.63,32428.0
2016-01-08,14.88,14.88,14.77,14.79,21201.0
2016-01-07,14.92,15.04,14.78,14.78,36462.0
2016-01-06,14.8,15.23,14.8,15.15,45514.0
2016-01-05,14.98,15.4,14.8601,15.03,42477.0
2016-01-04,14.87,15.24,14.76,15.0,26549.0
2015-12-31,14.85,15.13,14.6,15.08,47771.0
2015-12-30,14.98,14.99,14.86,14.92,13408.0
2015-12-29,15.18,15.1892,15.0,15.09,23021.0
2015-12-28,15.3,15.63,15.19,15.5,82895.0
2015-12-24,15.81,15.88,15.4,15.44,28473.0
2015-12-23,15.75,15.92,15.41,15.88,86065.0
2015-12-22,15.43,15.87,15.25,15.76,73389.0
2015-12-21,15.27,15.64,15.22,15.54,137411.0
2015-12-18,15.09,15.44,15.09,15.31,86102.0
2015-12-17,14.97,15.33,14.8,15.06,39870.0
2015-12-16,14.36,15.16,14.36,15.1,57878.0
2015-12-15,14.2,14.55,14.1,14.44,88213.0
2015-12-14,14.92,14.92,14.16,14.24,59282.0
2015-12-11,14.93,14.93,14.66,14.73,27551.0
2015-12-10,14.81,15.01,14.81,14.93,20050.0
2015-12-09,14.83,15.0999,14.83,14.87,38070.0
2015-12-08,14.79,14.92,14.79,14.84,24463.0
2015-12-07,15.12,15.12,14.96,14.97,58045.0
2015-12-04,15.09,15.25,15.081,15.17,69651.0
2015-12-03,15.65,15.65,15.11,15.18,33052.0
2015-12-02,15.23,15.33,14.92,15.2,39262.0
2015-12-01,15.4,15.4,15.17,15.32,22972.0
2015-11-30,15.69,15.7,15.23,15.31,30373.0
2015-11-27,15.38,15.77,15.38,15.6,7384.0
2015-11-25,15.3,15.67,15.2,15.44,26088.0
2015-11-24,15.27,15.33,15.175,15.31,21746.0
2015-11-23,15.23,15.38,15.2,15.38,28062.0
2015-11-20,15.19,15.33,15.16,15.2,19399.0
2015-11-19,15.13,15.28,15.13,15.26,22090.0
2015-11-18,14.99,15.28,14.96,15.16,18169.0
2015-11-17,14.88,15.17,14.88,15.0,17814.0
2015-11-16,14.71,14.96,14.71,14.96,22162.0
2015-11-13,14.57,14.81,14.57,14.65,15444.0
2015-11-12,15.0,15.0,14.55,14.64,34289.0
2015-11-11,15.3,15.3,15.03,15.08,27318.0
2015-11-10,14.81,15.12,14.79,15.09,27091.0
2015-11-09,14.75,14.97,14.71,14.85,39525.0
2015-11-06,15.35,15.68,14.71,14.71,119644.0
2015-11-05,15.56,15.56,15.35,15.4,65438.0
2015-11-04,13.85,15.71,13.7034,15.64,195849.0
2015-11-03,13.41,13.41,13.2805,13.35,39187.0
2015-11-02,13.29,13.42,13.24,13.42,28119.0
2015-10-30,13.33,13.33,13.24,13.28,22866.0
2015-10-29,13.52,13.552,13.24,13.24,26274.0
2015-10-28,13.63,13.755,13.46,13.55,37205.0
2015-10-27,13.742,13.82,13.502,13.55,24494.0
2015-10-26,13.89,13.89,13.711,13.79,17679.0
2015-10-23,13.97,13.97,13.88,13.88,7430.0
2015-10-22,13.83,13.94,13.83,13.88,36768.0
2015-10-21,14.0,14.0,13.88,13.9,13390.0
2015-10-20,13.96,14.02,13.96,14.0,5652.0
2015-10-19,14.0,14.06,13.96,13.96,3317.0
2015-10-16,14.0,14.0,13.92,13.92,15334.0
2015-10-15,13.88,14.08,13.8,14.02,17510.0
2015-10-14,14.19,14.19,13.76,13.79,52482.0
2015-10-13,14.17,14.17,14.12,14.16,8030.0
2015-10-12,14.269,14.29,14.21,14.21,8138.0
2015-10-09,14.34,14.34,14.03,14.19,8988.0
2015-10-08,14.0,14.06,14.0,14.03,2931.0
2015-10-07,13.58,14.0,13.58,13.96,30790.0
2015-10-06,13.55,13.65,13.53,13.56,15473.0
2015-10-05,13.28,13.62,13.28,13.55,21748.0
2015-10-02,13.38,13.419,13.13,13.26,15829.0
2015-10-01,13.27,13.39,13.21,13.37,20775.0
2015-09-30,13.35,13.44,13.138,13.4,33023.0
2015-09-29,13.54,13.57,13.25,13.28,25400.0
2015-09-28,14.23,14.23,13.08,13.42,70093.0
2015-09-25,14.47,14.57,14.41,14.53,16212.0
2015-09-24,14.56,14.62,14.5,14.52,9349.0
2015-09-23,14.66,14.71,14.49,14.62,13045.0
2015-09-22,14.67,14.71,14.61,14.62,10369.0
2015-09-21,14.709,14.7199,14.62,14.69,6689.0
2015-09-18,14.546,15.0,14.546,14.7,28925.0
2015-09-17,14.5,14.7,14.46,14.58,10578.0
2015-09-16,14.54,14.6,14.4911,14.55,13456.0
2015-09-15,14.39,14.59,14.39,14.5,9819.0
2015-09-14,14.5,14.5,14.29,14.38,16577.0
2015-09-11,14.34,14.49,14.2384,14.49,4235.0
2015-09-10,14.32,14.37,14.18,14.37,14198.0
2015-09-09,14.5,14.5,14.28,14.31,15639.0
2015-09-08,14.66,14.66,14.45,14.47,9940.0
2015-09-04,14.499,14.6,14.32,14.6,20084.0
2015-09-03,14.48,14.6299,14.2501,14.53,9694.0
2015-09-02,14.63,14.66,14.55,14.55,12753.0
2015-09-01,14.76,14.89,14.6,14.64,12042.0
2015-08-31,14.95,14.95,14.73,14.76,7856.0
2015-08-28,14.8,14.88,14.73,14.73,8617.0
2015-08-27,14.88,15.0808,14.77,14.82,50811.0
2015-08-26,14.88,14.98,13.94,14.91,32781.0
2015-08-25,15.38,15.38,14.81,14.91,27028.0
2015-08-24,14.78,15.23,14.78,14.96,28282.0
2015-08-21,15.52,15.85,15.2501,15.4,45355.0
2015-08-20,15.77,15.94,15.66,15.75,11203.0
2015-08-19,15.49,15.88,15.47,15.87,20646.0
2015-08-18,15.59,15.82,15.1,15.72,126629.0
2015-08-17,15.4,15.75,15.17,15.55,40270.0
2015-08-14,15.3862,15.43,15.33,15.39,15258.0
2015-08-13,15.54,15.54,15.38,15.43,19636.0
2015-08-12,15.37,15.58,15.353,15.45,14255.0
2015-08-11,15.74,15.74,15.37,15.53,26622.0
2015-08-10,15.6,15.695,15.55,15.56,14010.0
2015-08-07,15.65,15.74,15.6,15.61,14490.0
2015-08-06,15.83,15.83,15.51,15.64,33807.0
2015-08-05,15.74,16.08,15.51,15.84,24568.0
2015-08-04,15.8831,15.92,15.64,15.84,15313.0
2015-08-03,16.02,16.02,15.86,15.87,10893.0
2015-07-31,16.07,16.07,15.87,15.88,24022.0
2015-07-30,15.99,16.0,15.86,15.86,6572.0
2015-07-29,15.94,16.029,15.89,15.91,14660.0
2015-07-28,15.86,16.05,15.81,15.86,16159.0
2015-07-27,15.86,15.86,15.47,15.85,36310.0
2015-07-24,15.96,15.9999,15.8596,15.86,13888.0
2015-07-23,16.05,16.05,15.9307,15.94,22565.0
2015-07-22,16.07,16.16,16.05,16.07,10627.0
2015-07-21,16.2,16.23,16.07,16.23,19941.0
2015-07-20,16.32,16.32,16.05,16.11,21052.0
2015-07-17,16.42,16.42,16.14,16.25,19120.0
2015-07-16,16.6,16.6,16.31,16.46,9461.0
2015-07-15,16.45,16.45,16.27,16.37,27357.0
2015-07-14,16.57,16.57,16.35,16.35,9915.0
2015-07-13,16.4,16.52,16.35,16.35,8583.0
2015-07-10,16.4,16.5,16.36,16.45,31407.0
2015-07-09,16.5375,16.5375,16.4,16.42,17919.0
2015-07-08,16.63,16.63,16.41,16.46,8169.0
2015-07-07,16.49,16.7,16.49,16.58,17591.0
2015-07-06,16.4,16.4899,16.3501,16.47,10493.0
2015-07-02,16.4,16.4899,16.2,16.43,25086.0
2015-07-01,16.28,16.4,16.168,16.35,18403.0
2015-06-30,16.26,16.34,16.1,16.17,23305.0
2015-06-29,16.4773,16.4773,16.1001,16.19,24299.0
2015-06-26,16.61,16.6799,16.3,16.56,39879.0
2015-06-25,16.97,16.9799,16.9,16.96,21086.0
2015-06-24,17.0301,17.0301,16.91,16.91,15412.0
2015-06-23,17.18,17.18,17.02,17.06,38236.0
2015-06-22,17.275,17.32,16.97,17.05,43578.0
2015-06-19,17.09,17.29,17.09,17.19,41487.0
2015-06-18,17.18,17.2268,17.02,17.11,14165.0
2015-06-17,17.0,17.16,17.0,17.03,7209.0
2015-06-16,17.13,17.13,16.92,17.03,19881.0
2015-06-15,17.21,17.21,17.02,17.05,7586.0
2015-06-12,17.07,17.3,16.97,17.17,11500.0
2015-06-11,16.98,17.13,16.9,17.08,7958.0
2015-06-10,17.008,17.0211,16.85,16.86,11860.0
2015-06-09,16.89,16.9999,16.86,16.86,16741.0
2015-06-08,17.28,17.28,16.87,16.89,39630.0
2015-06-05,17.12,17.2,17.03,17.2,14738.0
2015-06-04,17.3,17.3,17.09,17.2,13896.0
2015-06-03,17.4,17.4,17.21,17.24,15973.0
2015-06-02,17.5063,17.55,17.33,17.35,37722.0
2015-06-01,17.58,17.58,17.42,17.53,9729.0
2015-05-29,17.5525,17.632,17.45,17.56,21111.0
2015-05-28,17.65,17.66,17.46,17.55,11803.0
2015-05-27,17.6,17.68,17.55,17.56,11988.0
2015-05-26,17.34,17.55,17.3,17.52,24910.0
2015-05-22,17.59,17.59,17.5,17.52,6550.0
2015-05-21,17.68,17.68,17.45,17.55,11339.0
2015-05-20,17.5,17.62,17.45,17.62,7623.0
2015-05-19,17.63,17.63,17.38,17.51,9469.0
2015-05-18,17.44,17.56,17.3,17.41,6929.0
2015-05-15,17.7,17.7,17.47,17.52,17277.0
2015-05-14,17.61,17.61,17.5,17.53,7186.0
2015-05-13,17.58,17.58,17.31,17.52,28837.0
2015-05-12,17.33,19.0,17.27,17.42,67677.0
2015-05-11,17.23,17.53,17.2,17.45,84573.0
2015-05-08,17.01,17.144,16.9101,17.06,51513.0
2015-05-07,16.82,17.05,16.69,16.87,68576.0
2015-05-06,17.01,17.2,16.9499,16.95,20432.0
2015-05-05,17.29,17.31,17.08,17.08,27011.0
2015-05-04,17.49,17.49,17.21,17.41,16993.0
2015-05-01,17.2806,17.31,17.24,17.24,17723.0
2015-04-30,17.4,17.47,17.2,17.24,35268.0
2015-04-29,17.5,17.5,17.35,17.37,21308.0
2015-04-28,17.5,17.55,17.47,17.51,21001.0
2015-04-27,17.55,17.57,17.5,17.51,19299.0
2015-04-24,17.52,17.58,17.51,17.56,2575.0
2015-04-23,17.5,17.59,17.5,17.55,13657.0
2015-04-22,17.53,17.58,17.53,17.5601,4496.0
2015-04-21,17.62,17.65,17.52,17.52,15835.0
2015-04-20,17.65,17.696,17.6,17.69,12503.0
2015-04-17,17.7,17.7,17.6,17.68,24199.0
2015-04-16,17.77,17.77,17.62,17.69,9081.0
2015-04-15,17.71,17.71,17.62,17.68,14076.0
2015-04-14,17.662,17.685,17.59,17.66,24009.0
2015-04-13,17.76,17.76,17.65,17.66,11900.0
2015-04-10,17.709,17.75,17.6,17.73,18477.0
2015-04-09,17.7,17.74,17.6,17.7,12586.0
2015-04-08,17.7,17.75,17.7,17.71,12683.0
2015-04-07,17.7,17.8,17.7,17.73,6764.0
2015-04-06,17.72,17.97,17.7,17.82,12932.0
2015-04-02,17.7392,17.95,17.69,17.92,14727.0
2015-04-01,17.75,17.79,17.6,17.75,12982.0
2015-03-31,18.03,18.03,17.75,17.84,12315.0
2015-03-30,17.66,17.965,17.63,17.91,30308.0
2015-03-27,17.75,17.75,17.5301,17.72,15416.0
2015-03-26,18.16,18.24,18.0,18.06,23609.0
2015-03-25,18.165,18.345,18.0,18.06,41332.0
2015-03-24,18.3,18.3,18.0,18.11,11952.0
2015-03-23,18.09,18.4,18.09,18.18,21531.0
2015-03-20,18.0,18.2,17.88,18.2,51212.0
2015-03-19,18.0,18.0,17.81,17.96,9212.0
2015-03-18,17.88,18.0,17.78,17.98,36473.0
2015-03-17,17.83,18.0,17.83,18.0,7284.0
2015-03-16,18.04,18.04,17.82,17.93,17027.0
2015-03-13,18.0,18.0,17.76,17.89,15714.0
2015-03-12,18.04,18.16,17.98,18.0,25135.0
2015-03-11,17.8905,18.09,17.7768,18.01,38020.0
2015-03-10,17.79,17.89,17.718,17.85,33243.0
2015-03-09,17.64,17.8,17.64,17.8,18207.0
2015-03-06,17.8,17.8,17.4701,17.61,11320.0
2015-03-05,17.94,17.98,17.68,17.74,15967.0
2015-03-04,17.83,17.87,17.65,17.75,12402.0
2015-03-03,17.84,17.93,17.81,17.81,7604.0
2015-03-02,17.95,17.95,17.64,17.95,18644.0
2015-02-27,17.8601,17.89,17.64,17.82,7832.0
2015-02-26,17.68,17.81,17.68,17.8,20145.0
2015-02-25,17.65,17.68,17.59,17.62,9612.0
2015-02-24,17.73,17.73,17.582,17.61,6472.0
2015-02-23,17.49,17.73,17.42,17.7,17594.0
2015-02-20,17.59,17.59,17.35,17.47,11695.0
2015-02-19,17.29,17.5,17.29,17.5,13220.0
2015-02-18,17.43,17.43,17.2,17.31,9227.0
2015-02-17,17.41,17.48,17.32,17.34,11836.0
2015-02-13,17.37,17.49,17.26,17.4,20494.0
2015-02-12,17.2775,17.54,17.251,17.4,8199.0
2015-02-11,17.15,17.46,17.1,17.3,16812.0
2015-02-10,17.43,17.52,17.27,17.32,8389.0
2015-02-09,17.48,17.72,17.29,17.49,28859.0
2015-02-06,17.4,17.45,17.22,17.34,12267.0
2015-02-05,17.39,17.45,17.31,17.42,15605.0
2015-02-04,17.3,17.441,17.2,17.4,31252.0
2015-02-03,17.29,17.39,17.1,17.31,6955.0
2015-02-02,17.37,17.4,17.1,17.18,28615.0
2015-01-30,17.2,17.44,17.2,17.35,12574.0
2015-01-29,17.4,17.47,17.24,17.31,19556.0
2015-01-28,17.49,17.5,17.3703,17.42,7121.0
2015-01-27,17.27,17.51,17.25,17.49,17124.0
2015-01-26,17.2,17.41,17.1,17.41,13810.0
2015-01-23,17.25,17.32,17.1,17.19,8591.0
2015-01-22,17.22,17.34,17.084,17.34,14620.0
2015-01-21,17.28,17.28,17.1,17.13,13306.0
2015-01-20,17.13,17.24,17.05,17.06,16691.0
2015-01-16,17.12,17.15,17.07,17.11,9377.0
2015-01-15,17.31,17.31,17.0538,17.11,17353.0
2015-01-14,17.35,17.41,17.162,17.2,18448.0
2015-01-13,17.46,17.46,17.25,17.39,13016.0
2015-01-12,17.31,17.46,17.3,17.34,10085.0
2015-01-09,17.47,17.54,17.32,17.35,7216.0
2015-01-08,17.567,17.82,17.32,17.56,27264.0
2015-01-07,17.46,17.55,17.29,17.51,12036.0
2015-01-06,17.54,17.72,17.29,17.33,23517.0
2015-01-05,17.45,17.61,17.4,17.5,14993.0
2015-01-02,17.24,17.54,17.14,17.51,11680.0
2014-12-31,17.48,17.58,17.2,17.25,16207.0
2014-12-30,17.46,17.55,17.37,17.42,5108.0
2014-12-29,17.38,17.66,17.36,17.59,21808.0
2014-12-26,17.51,17.72,17.51,17.71,36515.0
2014-12-24,17.67,17.67,17.42,17.51,18470.0
2014-12-23,17.98,17.98,17.66,17.74,22856.0
2014-12-22,17.82,17.87,17.71,17.83,27197.0
2014-12-19,17.5,17.8499,17.49,17.69,27294.0
2014-12-18,17.68,17.68,17.51,17.58,29232.0
2014-12-17,17.38,17.54,17.3,17.51,24230.0
2014-12-16,17.39,17.62,17.25,17.4,27663.0
2014-12-15,17.45,17.55,17.29,17.3,26516.0
2014-12-12,17.5807,17.61,17.5,17.5,10083.0
2014-12-11,17.39,17.68,17.38,17.59,30645.0
2014-12-10,17.41,17.649,17.35,17.38,30001.0
2014-12-09,17.15,17.61,17.01,17.47,37939.0
2014-12-08,17.57,17.65,17.26,17.28,33236.0
2014-12-05,17.67,17.7,17.5,17.64,21600.0
2014-12-04,17.8,17.8,17.52,17.69,27528.0
2014-12-03,17.65,17.89,17.65,17.76,27222.0
2014-12-02,17.75,17.92,17.62,17.75,31909.0
2014-12-01,18.06,18.06,17.75,17.83,17091.0
2014-11-28,18.09,18.1,18.0,18.01,5669.0
2014-11-26,17.87,18.16,17.87,18.04,13257.0
2014-11-25,17.88,17.98,17.79,17.9,10797.0
2014-11-24,17.9,17.93,17.73,17.91,17758.0
2014-11-21,17.79,17.87,17.58,17.79,19352.0
2014-11-20,17.57,17.85,17.57,17.79,21826.0
2014-11-19,17.73,18.0,17.6,17.69,52150.0
2014-11-18,17.7,17.73,17.6,17.66,28828.0
2014-11-17,17.5,17.65,17.48,17.65,36175.0
2014-11-14,17.17,17.68,17.17,17.61,55549.0
2014-11-13,18.0,18.08,17.21,17.21,148765.0
2014-11-12,17.9,18.11,17.81,18.04,24998.0
2014-11-11,17.95,18.05,17.88,17.92,16207.0
2014-11-10,18.05,18.1,17.9,18.03,16994.0
2014-11-07,18.08,18.1,17.81,18.09,42358.0
2014-11-06,18.0,18.04,17.93,18.02,25389.0
2014-11-05,18.15,18.19,17.92,18.01,50138.0
2014-11-04,18.07,18.19,18.0,18.06,16782.0
2014-11-03,18.14,18.16,18.0,18.07,39605.0
2014-10-31,18.1755,18.25,18.02,18.14,18675.0
2014-10-30,18.0,18.08,17.21,17.21,148765.0
2014-10-29,18.31,18.37,18.07,18.17,24814.0
2014-10-28,18.32,18.35,18.21,18.29,11609.0
2014-10-27,18.3,18.32,18.031,18.28,31417.0
2014-10-24,18.25,18.32,18.05,18.28,19871.0
2014-10-23,18.43,18.51,18.23,18.28,46294.0
2014-10-22,18.386,18.44,18.21,18.33,38504.0
2014-10-21,18.15,18.38,18.0801,18.26,33138.0
2014-10-20,18.0,18.15,17.9505,18.09,27903.0
2014-10-17,18.0,18.06,17.96,18.0,26965.0
2014-10-16,18.0499,18.15,17.9,17.95,25552.0
2014-10-15,18.01,18.12,17.64,17.95,68213.0
2014-10-14,18.06,18.06,17.84,17.89,43849.0
2014-10-13,17.8801,18.1,17.83,17.85,43335.0
2014-10-10,17.82,18.05,17.806,17.87,33639.0
2014-10-09,17.85,18.05,17.72,17.87,26258.0
2014-10-08,17.56,17.94,17.54,17.86,36207.0
2014-10-07,17.6,17.65,17.47,17.55,32430.0
2014-10-06,17.6,17.65,17.38,17.57,33739.0
2014-10-03,17.31,17.55,17.31,17.51,39683.0
2014-10-02,17.54,17.55,17.22,17.31,55231.0
2014-10-01,17.25,17.55,17.25,17.49,28907.0
2014-09-30,17.5,17.5,17.18,17.26,65085.0
2014-09-29,17.39,17.48,17.28,17.43,47882.0
2014-09-26,17.45,17.45,17.25,17.37,37421.0
2014-09-25,17.8,17.91,17.71,17.81,38097.0
2014-09-24,17.99,17.99,17.73,17.74,42248.0
2014-09-23,18.05,18.11,17.87,18.05,35916.0
2014-09-22,18.23,18.37,17.81,18.02,84792.0
2014-09-19,18.12,18.33,18.08,18.32,105739.0
2014-09-18,18.32,18.32,18.08,18.08,81575.0
2014-09-17,18.37,18.54,18.19,18.22,41258.0
2014-09-16,18.19,18.4,18.17,18.29,31844.0
2014-09-15,18.34,18.37,18.04,18.16,52332.0
2014-09-12,18.67,18.7,18.26,18.33,57094.0
2014-09-11,18.85,18.93,18.67,18.74,63197.0
2014-09-10,18.97,19.0,18.81,18.83,36563.0
2014-09-09,18.96,19.06,18.89,18.9,43738.0
2014-09-08,19.04,19.11,18.88,18.98,70362.0
2014-09-05,18.97,19.08,18.93,19.04,45703.0
2014-09-04,19.08,19.096,18.86,18.93,50341.0
2014-09-03,19.17,19.25,19.03,19.07,38725.0
2014-09-02,19.48,19.48,19.11,19.11,72826.0
2014-08-29,19.29,19.38,19.22,19.38,71422.0
2014-08-28,19.23,19.3,19.14,19.22,108688.0
2014-08-27,19.17,19.21,19.02,19.18,99309.0
2014-08-26,18.96,19.18,18.95,19.08,151121.0
2014-08-25,18.85,18.99,18.704,18.88,108922.0
2014-08-22,18.75,18.83,18.704,18.8,55618.0
2014-08-21,18.68,18.88,18.61,18.83,104956.0
2014-08-20,18.7,18.76,18.58,18.68,125551.0
2014-08-19,19.15,19.15,18.5,18.6,184931.0
2014-08-18,18.83,18.83,18.3806,18.68,101616.0
2014-08-15,17.9,18.87,17.8,18.76,168831.0
2014-08-14,17.47,17.9,17.47,17.89,160458.0
2014-08-13,17.21,17.44,17.21,17.43,153470.0
2014-08-12,16.45,17.24,16.39,17.18,304733.0
2014-08-11,16.31,16.36,16.13,16.26,42241.0
2014-08-08,16.19,16.27,16.038,16.25,17569.0
2014-08-07,16.12,16.44,16.12,16.17,15084.0
2014-08-06,16.11,16.24,16.01,16.2,18311.0
2014-08-05,16.1,16.19,15.98,16.1,22154.0
2014-08-04,15.95,16.06,15.936,16.02,16033.0
2014-08-01,16.1,16.25,16.01,16.05,21932.0
2014-07-31,16.05,16.25,15.9303,16.19,91552.0
2014-07-30,16.27,16.29,16.0,16.07,45383.0
2014-07-29,16.19,16.25,16.18,16.22,25042.0
2014-07-28,16.2,16.29,16.17,16.21,167569.0
2014-07-25,16.36,16.4399,16.15,16.2,83966.0
2014-07-24,16.33,16.46,16.29,16.33,40232.0
2014-07-23,16.35,16.42,16.35,16.35,27647.0
2014-07-22,16.45,16.47,16.35,16.36,21937.0
2014-07-21,16.45,16.45,16.35,16.37,14868.0
2014-07-18,16.46,16.5,16.41,16.41,15372.0
2014-07-17,16.39,16.5,16.374,16.39,12050.0
2014-07-16,16.459,16.5,16.36,16.43,9197.0
2014-07-15,16.48,16.51,16.35,16.48,49453.0
2014-07-14,16.34,16.5,16.34,16.41,18310.0
2014-07-11,16.39,16.39,16.31,16.35,20706.0
2014-07-10,16.36,16.5,16.33,16.4,26880.0
2014-07-09,16.29,16.48,16.29,16.39,24042.0
2014-07-08,16.17,16.33,16.16,16.31,19957.0
2014-07-07,16.14,16.25,16.14,16.24,50322.0
2014-07-03,16.34,16.34,16.15,16.27,27742.0
2014-07-02,16.38,16.38,16.23,16.34,25631.0
2014-07-01,16.6,16.65,16.33,16.42,55650.0
2014-06-30,16.49,16.63,16.3601,16.62,72465.0
2014-06-27,16.23,16.58,16.15,16.58,520073.0
2014-06-26,16.3,16.44,16.15,16.24,50472.0
2014-06-25,16.47,16.63,16.43,16.56,73234.0
2014-06-24,16.61,16.71,16.45,16.49,54029.0
2014-06-23,16.69,16.74,16.6,16.64,59207.0
2014-06-20,16.72,16.7599,16.57,16.61,118738.0
2014-06-19,16.644,16.72,16.525,16.68,53862.0
2014-06-18,16.414,16.63,16.4,16.6,41347.0
2014-06-17,16.54,16.56,16.4,16.44,66883.0
2014-06-16,16.52,16.71,16.52,16.59,29592.0
2014-06-13,16.55,16.64,16.53,16.58,23521.0
2014-06-12,16.55,16.637,16.5,16.55,41539.0
2014-06-11,16.63,16.63,16.57,16.58,22952.0
2014-06-10,16.64,16.7599,16.58,16.7,34449.0
2014-06-09,16.7,16.822,16.61,16.7,35337.0
2014-06-06,16.54,16.7798,16.48,16.7,46685.0
2014-06-05,16.44,16.52,16.31,16.49,26361.0
2014-06-04,16.42,16.458,16.3,16.36,37620.0
2014-06-03,16.488,16.488,16.35,16.41,52429.0
2014-06-02,16.42,16.49,16.36,16.43,57939.0
2014-05-30,16.36,16.45,16.26,16.41,34139.0
2014-05-29,16.34,16.434,16.32,16.35,29434.0
2014-05-28,16.46,16.516,16.27,16.35,57398.0
2014-05-27,16.42,16.62,16.42,16.43,105911.0
2014-05-23,16.15,16.5,16.14,16.49,64986.0
2014-05-22,16.17,16.19,16.12,16.14,28649.0
2014-05-21,16.08,16.19,16.0,16.19,81359.0
2014-05-20,16.14,16.21,16.0,16.1,106708.0
2014-05-19,16.15,16.18,16.08,16.16,58394.0
2014-05-16,16.0,16.15,16.0,16.1,124314.0
2014-05-15,16.2,16.23,16.07,16.12,147276.0
2014-05-14,16.36,16.36,16.2,16.22,113121.0
2014-05-13,16.65,16.69,16.25,16.29,127090.0
2014-05-12,16.63,16.81,16.63,16.75,108346.0
2014-05-09,16.52,16.65,16.5,16.59,35019.0
2014-05-08,16.62,16.7,16.42,16.44,79757.0
2014-05-07,16.46,16.61,16.37,16.59,52658.0
2014-05-06,16.46,16.54,16.42,16.46,49885.0
2014-05-05,16.44,16.68,16.44,16.52,42566.0
2014-05-02,16.54,16.64,16.53,16.57,29249.0
2014-05-01,16.41,16.63,16.41,16.57,50845.0
2014-04-30,16.37,16.5,16.35,16.49,58351.0
2014-04-29,16.45,16.48,16.32,16.32,33804.0
2014-04-28,16.49,16.52,16.35,16.37,46568.0
2014-04-25,16.37,16.52,16.37,16.42,47293.0
2014-04-24,16.49,16.49,16.37,16.38,23723.0
2014-04-23,16.54,16.55,16.43,16.46,36636.0
2014-04-22,16.5,16.53,16.392,16.46,25023.0
2014-04-21,16.44,16.49,16.35,16.45,27939.0
2014-04-17,16.36,16.41,16.21,16.36,39665.0
2014-04-16,16.51,16.538,16.33,16.36,56843.0
2014-04-15,16.46,16.6,16.38,16.47,37882.0
2014-04-14,16.51,16.6,16.31,16.46,46970.0
2014-04-11,16.29,16.46,16.29,16.38,31328.0
2014-04-10,16.57,16.65,16.38,16.39,28129.0
2014-04-09,16.57,16.585,16.43,16.58,21245.0
2014-04-08,16.44,16.51,16.4,16.48,32047.0
2014-04-07,16.39,16.51,16.27,16.36,48408.0
2014-04-04,16.45,16.53,16.35,16.4,45885.0
2014-04-03,16.6,16.6,16.43,16.49,38675.0
2014-04-02,16.68,16.75,16.59,16.63,30397.0
2014-04-01,16.67,16.67,16.43,16.6,31135.0
2014-03-31,16.74,16.74,16.5,16.66,38255.0
2014-03-28,16.58,16.68,16.51,16.65,14324.0
2014-03-27,16.5,16.68,16.41,16.61,32831.0
2014-03-26,17.06,17.2,16.76,16.79,40933.0
2014-03-25,17.26,17.32,16.96,16.99,35074.0
2014-03-24,17.3,17.35,17.17,17.27,24959.0
2014-03-21,17.2,17.37,17.1521,17.36,37629.0
2014-03-20,17.2,17.27,16.99,17.2,34311.0
2014-03-19,17.33,17.46,17.21,17.24,28322.0
2014-03-18,17.45,17.48,17.33,17.38,23491.0
2014-03-17,17.46,17.46,17.38,17.39,19020.0
2014-03-14,17.26,17.46,17.26,17.44,14503.0
2014-03-13,17.42,17.45,17.28,17.31,16427.0
2014-03-12,17.32,17.39,17.25,17.3,118120.0
2014-03-11,17.43,17.54,17.36,17.37,33960.0
2014-03-10,17.47,17.53,17.33,17.46,33407.0
2014-03-07,17.83,17.86,17.5201,17.53,20629.0
2014-03-06,17.85,17.9899,17.81,17.82,21517.0
2014-03-05,17.7299,18.09,17.7199,17.88,27215.0
2014-03-04,17.49,17.66,17.44,17.63,80981.0
2014-03-03,17.34,17.45,17.34,17.41,19152.0
2014-02-28,17.24,17.4799,17.1923,17.41,69334.0
2014-02-27,17.09,17.27,17.09,17.25,42929.0
2014-02-26,17.13,17.2,17.12,17.17,13057.0
2014-02-25,17.11,17.15,17.03,17.1,18820.0
2014-02-24,17.14,17.22,17.12,17.17,15832.0
2014-02-21,17.11,17.17,16.98,17.11,42641.0
2014-02-20,17.08,17.21,16.99,17.02,16260.0
2014-02-19,17.2,17.32,17.13,17.14,47170.0
2014-02-18,17.25,17.29,17.16,17.29,20135.0
2014-02-14,17.22,17.27,17.08,17.14,17675.0
2014-02-13,17.04,17.23,17.03,17.16,23851.0
2014-02-12,17.13,17.17,17.06,17.12,15056.0
2014-02-11,17.05,17.13,17.05,17.1,11916.0
2014-02-10,16.96,17.08,16.96,17.08,13294.0
2014-02-07,17.14,17.14,16.96,17.1,31727.0
2014-02-06,16.95,17.02,16.8798,16.97,25003.0
2014-02-05,16.95,17.07,16.83,16.95,19352.0
2014-02-04,16.85,16.899,16.78,16.89,12429.0
2014-02-03,16.95,17.0186,16.855,16.91,32961.0
2014-01-31,16.77,17.07,16.77,17.0,16856.0
2014-01-30,16.97,17.06,16.9,16.95,24180.0
2014-01-29,16.91,16.98,16.75,16.87,39008.0
2014-01-28,16.8,17.03,16.73,16.94,35075.0
2014-01-27,16.79,16.85,16.6,16.72,27880.0
2014-01-24,16.88,16.95,16.78,16.87,16694.0
2014-01-23,16.95,17.15,16.89,17.02,71539.0
2014-01-22,16.91,17.0,16.91,16.95,12022.0
2014-01-21,16.8,16.91,16.75,16.88,14986.0
2014-01-17,16.73,16.75,16.67,16.75,21310.0
2014-01-16,16.792,16.792,16.53,16.69,15060.0
2014-01-15,16.7,16.85,16.62,16.66,35919.0
2014-01-14,16.78,16.802,16.62,16.64,26532.0
2014-01-13,16.47,16.89,16.36,16.73,128667.0
2014-01-10,16.22,16.4,16.1,16.24,27717.0
2014-01-09,16.2,16.2,16.08,16.15,13786.0
2014-01-08,16.15,16.19,16.0,16.13,21218.0
2014-01-07,16.21,16.26,16.11,16.17,29582.0
2014-01-06,16.25,16.37,16.15,16.23,29712.0
2014-01-03,16.02,16.22,16.02,16.14,14892.0
2014-01-02,16.04,16.04,15.83,16.0,45937.0
2013-12-31,15.91,16.09,15.76,16.03,52028.0
2013-12-30,16.13,16.17,15.93,15.96,25440.0
2013-12-27,16.12,16.22,16.05,16.15,56473.0
2013-12-26,16.89,17.0,16.77,16.87,86470.0
2013-12-24,16.7,16.89,16.65,16.88,51590.0
2013-12-23,16.4,16.67,16.4,16.6,73037.0
2013-12-20,16.5,16.5,16.19,16.35,134575.0
2013-12-19,16.46,16.49,16.3401,16.39,23649.0
2013-12-18,16.21,16.46,16.131,16.46,31395.0
2013-12-17,16.3,16.3,16.09,16.27,47439.0
2013-12-16,16.5,16.59,16.04,16.27,45419.0
2013-12-13,16.8,16.8,16.44,16.47,44083.0
2013-12-12,16.76,17.01,16.73,16.78,28260.0
2013-12-11,17.02,17.02,16.78,16.8,32992.0
2013-12-10,17.07,17.12,17.03,17.1,29501.0
2013-12-09,16.96,17.08,16.83,17.08,22291.0
2013-12-06,16.9,17.09,16.84,17.03,28956.0
2013-12-05,16.76,16.9,16.74,16.78,19843.0
2013-12-04,16.85,16.94,16.8,16.83,20511.0
2013-12-03,16.99,16.99,16.837,16.93,15665.0
2013-12-02,17.09,17.11,16.91,17.09,50300.0
2013-11-29,17.0,17.19,17.0,17.09,8583.0
2013-11-27,16.69,17.0,16.56,16.87,36868.0
2013-11-26,16.71,16.72,16.53,16.66,32080.0
2013-11-25,16.36,16.64,16.33,16.6,66574.0
2013-11-22,16.51,16.59,16.33,16.4,48338.0
2013-11-21,16.58,16.75,16.49,16.56,31997.0
2013-11-20,16.64,16.86,16.45,16.55,64226.0
2013-11-19,17.09,17.09,16.34,16.55,136341.0
2013-11-18,17.1001,17.19,17.09,17.16,43792.0
2013-11-15,17.11,17.19,17.06,17.15,23228.0
2013-11-14,16.85,17.14,16.85,17.14,57617.0
2013-11-13,17.07,17.16,16.77,16.8,100561.0
2013-11-12,17.31,17.48,17.12,17.17,83791.0
2013-11-11,17.31,17.53,17.31,17.34,27575.0
2013-11-08,17.53,17.58,17.34,17.45,15433.0
2013-11-07,17.51,17.59,17.45,17.57,6256.0
2013-11-06,17.56,17.64,17.49,17.54,30462.0
2013-11-05,17.67,17.76,17.53,17.54,16975.0
2013-11-04,17.8,17.8,17.6355,17.74,15480.0
2013-11-01,17.32,17.8,17.32,17.78,77548.0
2013-10-31,17.49,17.54,17.34,17.4,21050.0
2013-10-30,17.45,17.7299,17.31,17.41,40874.0
2013-10-29,17.96,17.96,17.4,17.45,59916.0
2013-10-28,18.02,18.11,17.85,17.91,29168.0
2013-10-25,18.18,18.18,18.05,18.07,4927.0
2013-10-24,18.03,18.24,18.03,18.1,25139.0
2013-10-23,18.12,18.379,18.05,18.05,39325.0
2013-10-22,18.31,18.38,18.15,18.15,24025.0
2013-10-21,17.95,18.21,17.95,18.21,30429.0
2013-10-18,17.84,17.95,17.6601,17.95,26540.0
2013-10-17,17.44,17.71,17.44,17.71,18170.0
2013-10-16,17.42,17.5,17.36,17.5,57053.0
2013-10-15,17.48,17.64,17.37,17.45,18734.0
2013-10-14,17.47,17.6894,17.42,17.58,13660.0
2013-10-11,17.47,17.56,17.44,17.49,19895.0
2013-10-10,17.52,17.58,17.35,17.46,8894.0
2013-10-09,17.45,17.45,17.28,17.38,19772.0
2013-10-08,17.4879,17.73,17.22,17.33,20796.0
2013-10-07,17.27,17.49,17.23,17.45,33249.0
2013-10-04,17.48,17.5365,17.23,17.44,33506.0
2013-10-03,17.73,17.75,17.27,17.53,17869.0
2013-10-02,17.46,17.75,17.46,17.67,19099.0
2013-10-01,17.43,17.55,17.33,17.5,28915.0
2013-09-30,17.26,17.65,17.21,17.35,32041.0
2013-09-27,17.36,17.42,17.2101,17.27,14408.0
2013-09-26,17.41,17.55,17.35,17.37,26502.0
2013-09-25,17.98,18.0,17.92,17.96,41289.0
2013-09-24,17.99,18.0,17.89,17.89,34456.0
2013-09-23,18.02,18.02,17.88,17.92,42232.0
2013-09-20,18.0,18.2,17.75,18.09,88669.0
2013-09-19,18.28,18.4,17.83,17.99,35710.0
2013-09-18,17.64,18.429,17.57,18.28,100275.0
2013-09-17,17.88,17.9996,17.64,17.74,54905.0
2013-09-16,18.04,18.2,17.72,17.78,99748.0
2013-09-13,17.15,18.0,17.135,17.63,181719.0
2013-09-12,16.62,17.329,16.5,17.14,45160.0
2013-09-11,16.76,16.87,16.47,16.68,34857.0
2013-09-10,16.52,16.9,16.38,16.74,49047.0
2013-09-09,15.77,16.55,15.73,16.48,51486.0
2013-09-06,15.81,16.12,15.67,15.67,133667.0
2013-09-05,15.77,15.79,15.67,15.72,57658.0
2013-09-04,15.71,15.79,15.65,15.74,74024.0
2013-09-03,16.5,16.5,15.68,15.7,173942.0
2013-08-30,15.62,15.79,15.62,15.73,35438.0
2013-08-29,15.79,15.8582,15.68,15.7,32563.0
2013-08-28,15.63,15.73,15.63,15.69,22331.0
2013-08-27,15.8,15.93,15.63,15.66,42457.0
2013-08-26,15.83,16.1099,15.8,15.86,12022.0
2013-08-23,15.86,15.9501,15.64,15.93,15420.0
2013-08-22,15.91,16.0,15.83,15.88,29879.0
2013-08-21,16.28,16.28,16.0,16.0,6313.0
2013-08-20,15.98,16.33,15.98,16.25,27843.0
2013-08-19,16.24,16.43,15.51,15.9,71088.0
2013-08-16,16.17,16.4699,16.08,16.19,35333.0
2013-08-15,16.18,16.3399,16.03,16.17,65784.0
2013-08-14,16.65,16.65,16.3,16.33,39338.0
2013-08-13,16.68,16.69,16.5,16.65,53887.0
2013-08-12,16.38,16.53,16.11,16.47,17579.0
2013-08-09,16.54,16.67,16.19,16.39,27566.0
2013-08-08,16.62,16.6801,16.04,16.54,122260.0
2013-08-07,16.9,16.9,16.52,16.62,25899.0
2013-08-06,16.72,16.8599,16.62,16.81,21196.0
2013-08-05,16.94,16.94,16.73,16.73,18599.0
2013-08-02,16.85,17.1,16.76,16.89,17015.0
2013-08-01,17.25,17.2501,16.71,16.86,36604.0
2013-07-31,17.49,17.57,17.16,17.16,18489.0
2013-07-30,17.55,17.64,17.3151,17.44,11731.0
2013-07-29,17.61,17.65,17.43,17.49,17451.0
2013-07-26,17.51,17.56,17.08,17.52,13543.0
2013-07-25,17.28,17.68,16.91,17.62,50256.0
2013-07-24,17.52,17.52,17.28,17.4,19785.0
2013-07-23,17.63,17.63,17.42,17.52,14657.0
2013-07-22,17.48,17.69,17.4,17.54,16060.0
2013-07-19,17.48,17.6,17.33,17.54,18205.0
2013-07-18,17.44,17.84,17.4301,17.57,18031.0
2013-07-17,17.5,17.54,17.23,17.34,17205.0
2013-07-16,17.29,17.49,17.04,17.46,38820.0
2013-07-15,17.15,17.36,17.02,17.31,16567.0
2013-07-12,17.14,17.27,17.05,17.21,19398.0
2013-07-11,17.2,17.36,16.72,17.2,138204.0
2013-07-10,17.14,17.14,16.9,17.06,12465.0
2013-07-09,17.0401,17.135,16.71,17.09,73520.0
2013-07-08,17.2,17.25,16.99,17.04,26549.0
2013-07-05,18.16,18.16,16.57,17.34,75062.0
2013-07-03,18.451,18.49,18.33,18.34,13679.0
2013-07-02,18.5,18.6,18.25,18.46,28689.0
2013-07-01,18.39,18.55,18.28,18.44,51609.0
2013-06-28,17.88,18.23,17.76,18.17,176107.0
2013-06-27,17.91,17.97,17.78,17.93,26982.0
2013-06-26,18.17,18.37,17.74,17.77,29533.0
2013-06-25,17.8,18.16,17.65,18.04,63831.0
2013-06-24,18.02,18.09,17.51,17.69,73600.0
2013-06-21,17.89,18.63,16.5,18.2,316846.0
2013-06-20,18.37,18.38,17.33,17.84,52196.0
2013-06-19,18.34,18.69,18.2,18.52,25761.0
2013-06-18,18.26,18.38,17.8,18.3,32027.0
2013-06-17,17.96,18.65,17.81,18.24,43601.0
2013-06-14,18.1,18.2199,17.71,17.92,24705.0
2013-06-13,17.5,18.01,17.49,18.0,22569.0
2013-06-12,18.28,18.28,17.19,17.7,37023.0
2013-06-11,18.43,18.52,18.14,18.21,38754.0
2013-06-10,17.79,18.57,17.71,18.56,25348.0
2013-06-07,17.51,17.86,17.4,17.82,28603.0
2013-06-06,17.24,17.48,17.06,17.45,133984.0
2013-06-05,17.57,17.57,17.25,17.28,44840.0
2013-06-04,17.67,17.86,17.31,17.42,171716.0
2013-06-03,17.87,17.99,17.33,17.71,99497.0
2013-05-31,18.0,18.18,17.85,17.88,102406.0
2013-05-30,18.36,18.45,17.95,18.0,213525.0
2013-05-29,19.0,19.0601,18.1,18.31,359154.0
2013-05-28,19.72,19.72,18.98,19.05,90191.0
2013-05-24,19.53,19.64,19.47,19.58,13785.0
2013-05-23,19.66,19.74,19.48,19.58,41361.0
2013-05-22,19.59,19.79,19.59,19.75,30405.0
2013-05-21,19.88,19.96,19.68,19.72,16096.0
2013-05-20,19.82,20.16,19.67,19.93,45966.0
2013-05-17,19.95,20.0167,19.65,19.91,68141.0
2013-05-16,19.88,19.92,19.835,19.92,20868.0
2013-05-15,20.06,20.2,19.57,19.99,51127.0
2013-05-14,20.21,20.21,20.07,20.17,43610.0
2013-05-13,20.35,20.4,20.08,20.25,20570.0
2013-05-10,20.33,20.36,20.25,20.34,14024.0
2013-05-09,20.42,20.42,20.15,20.27,27223.0
2013-05-08,20.47,20.56,20.3199,20.52,44084.0
2013-05-07,20.44,20.51,20.11,20.5,67528.0
2013-05-06,20.32,20.51,20.21,20.51,11742.0
2013-05-03,20.65,20.65,20.27,20.37,20837.0
2013-05-02,20.54,20.57,20.35,20.56,39080.0
2013-05-01,20.6,20.61,20.3,20.5,41732.0
2013-04-30,20.51,20.72,20.32,20.66,24095.0
2013-04-29,20.58,20.58,20.32,20.48,28605.0
2013-04-26,20.38,20.68,20.11,20.55,77477.0
2013-04-25,20.5,20.642,20.16,20.36,30290.0
2013-04-24,20.75,20.79,20.44,20.5,43330.0
2013-04-23,20.94,20.94,20.52,20.69,29059.0
2013-04-22,20.95,20.95,20.7,20.88,12666.0
2013-04-19,20.63,20.98,20.5,20.95,19274.0
2013-04-18,20.6399,20.75,20.14,20.64,25001.0
2013-04-17,20.83,20.83,19.98,20.61,79935.0
2013-04-16,20.89,20.98,20.69,20.95,95091.0
2013-04-15,20.72,20.91,20.57,20.72,111573.0
2013-04-12,20.52,20.89,20.52,20.83,37798.0
2013-04-11,20.5,20.75,20.5,20.62,40622.0
2013-04-10,20.8,20.95,20.48,20.51,74443.0
2013-04-09,20.99,21.0,20.66,20.95,68518.0
2013-04-08,20.74,20.99,20.49,20.96,110045.0
2013-04-05,20.48,20.71,20.46,20.7,24484.0
2013-04-04,20.635,20.69,20.53,20.67,73977.0
2013-04-03,20.66,20.83,20.51,20.59,100346.0
2013-04-02,20.57,20.68,20.42,20.66,43309.0
2013-04-01,20.56,20.62,20.285,20.54,55973.0
2013-03-28,20.68,20.82,20.365,20.63,493541.0
2013-03-27,20.6,20.73,20.46,20.66,86615.0
2013-03-26,20.6,20.75,20.51,20.75,107529.0
2013-03-25,20.72,20.84,20.55,20.65,122163.0
2013-03-22,20.72,20.77,20.62,20.75,173704.0
2013-03-21,20.69,20.9,20.56,20.77,128053.0
2013-03-20,20.63,20.74,20.53,20.74,109077.0
2013-03-19,20.63,20.66,20.46,20.63,71018.0
2013-03-18,20.29,20.66,20.26,20.66,48144.0
2013-03-15,20.41,20.65,20.26,20.64,63401.0
2013-03-14,20.44,20.5,20.3801,20.5,39273.0
2013-03-13,20.7,20.7,20.42,20.45,112170.0
2013-03-12,20.16,20.6,20.16,20.58,46737.0
2013-03-11,20.19,20.34,20.19,20.31,56545.0
2013-03-08,20.09,20.24,20.03,20.19,68256.0
2013-03-07,20.0,20.15,19.97,20.02,37856.0
2013-03-06,20.15,20.15,20.02,20.04,85405.0
2013-03-05,20.05,20.22,19.92,20.17,175663.0
2013-03-04,20.01,20.0138,19.95,19.95,34825.0
2013-03-01,20.02,20.1,20.0,20.05,43077.0
2013-02-28,20.03,20.11,20.01,20.07,77042.0
2013-02-27,19.94,20.02,19.9,20.01,50230.0
2013-02-26,20.1,20.1446,19.863,20.0,81024.0
2013-02-25,20.2,20.35,20.1,20.1,101299.0
2013-02-22,20.0,20.25,20.0,20.25,70219.0
2013-02-21,20.08,20.15,19.89,20.03,108359.0
2013-02-20,20.1,20.22,20.0,20.17,105349.0
2013-02-19,20.0,20.17,19.85,20.12,309633.0
2013-02-15,19.94,20.0,19.86,19.9,155043.0
2013-02-14,19.96,20.0,19.76,19.927,263987.0
2013-02-13,19.66,20.09,19.66,20.04,189111.0
2013-02-12,19.45,19.85,19.45,19.65,343320.0
2013-02-11,19.99,20.0,19.5,19.7,260257.0
2013-02-08,20.5,20.6,19.81,19.95,4990067.0
